"id","bioid","name","gender","type","party","twitter"
"00062","B000213","Joe Barton","M","rep","Republican","RepJoeBarton"
"00070","B000287","Xavier Becerra","M","rep","Democrat","RepBecerra"
"00091","B000490","Sanford D. Bishop Jr.","M","rep","Democrat","SanfordBishop"
"00099","B000574","Earl Blumenauer","M","rep","Democrat","BlumenauerMedia"
"00102","B000589","John A. Boehner","M","rep","Republican","SpeakerBoehner"
"00116","B000711","Barbara Boxer","F","sen","Democrat","SenatorBoxer"
"00132","B000911","Corrine Brown","F","rep","Democrat","RepCorrineBrown"
"00136","B000944","Sherrod Brown","M","sen","Democrat","SenSherrodBrown"
"00153","B001135","Richard Burr","M","sen","Republican","SenatorBurr"
"00165","C000059","Ken Calvert","M","rep","Republican","KenCalvert"
"00172","C000127","Maria Cantwell","F","sen","Democrat","SenatorCantwell"
"00174","C000141","Benjamin L. Cardin","M","sen","Democrat","SenatorCardin"
"00179","C000174","Thomas R. Carper","M","sen","Democrat","SenatorCarper"
"00186","C000266","Steve Chabot","M","rep","Republican","RepSteveChabot"
"00208","C000537","James E. Clyburn","M","rep","Democrat","Clyburn"
"00209","C000542","Daniel Coats","M","sen","Republican","SenDanCoats"
"00213","C000567","Thad Cochran","M","sen","Republican","SenThadCochran"
"00229","C000714","John Conyers Jr.","M","rep","Democrat","RepJohnConyers"
"00231","C000754","Jim Cooper","M","rep","Democrat","RepJimCooper"
"00250","C000880","Mike Crapo","M","sen","Republican","MikeCrapo"
"00256","C000984","Elijah E. Cummings","M","rep","Democrat","RepCummings"
"00279","D000191","Peter A. DeFazio","M","rep","Democrat","RepPeterDeFazio"
"00281","D000216","Rosa L. DeLauro","F","rep","Democrat","RosaDeLauro"
"00303","D000399","Lloyd Doggett","M","rep","Democrat","RepLloydDoggett"
"00316","D000482","Michael F. Doyle","M","rep","Democrat","USRepMikeDoyle"
"00322","D000533","John J. Duncan Jr.","M","rep","Republican","RepJohnDuncanJr"
"00326","D000563","Richard J. Durbin","M","sen","Democrat","SenatorDurbin"
"00344","E000179","Eliot L. Engel","M","rep","Democrat","RepEliotEngel"
"00355","E000215","Anna G. Eshoo","F","rep","Democrat","RepAnnaEshoo"
"00368","F000030","Sam Farr","M","rep","Democrat","RepSamFarr"
"00371","F000043","Chaka Fattah","M","rep","Democrat","ChakaFattah"
"00414","F000372","Rodney P. Frelinghuysen","M","rep","Republican","USRepRodney"
"00446","G000289","Bob Goodlatte","M","rep","Republican","RepGoodlatte"
"00452","G000359","Lindsey Graham","M","sen","Republican","GrahamBlog"
"00457","G000386","Chuck Grassley","M","sen","Republican","ChuckGrassley"
"00462","G000410","Gene Green","M","rep","Democrat","RepGeneGreen"
"00478","G000535","Luis V. Gutiérrez","M","rep","Democrat","LuisGutierrez"
"00511","H000324","Alcee L. Hastings","M","rep","Democrat","RepHastingsFL"
"00566","H000874","Steny H. Hoyer","M","rep","Democrat","WhipHoyer"
"00583","I000024","James M. Inhofe","M","sen","Republican","InhofePress"
"00588","J000032","Sheila Jackson Lee","F","rep","Democrat","JacksonLeeTX18"
"00599","J000126","Eddie Bernice Johnson","F","rep","Democrat","RepEBJ"
"00603","J000174","Sam Johnson","M","rep","Republican","SamsPressShop"
"00612","J000255","Walter B. Jones","M","rep","Republican","RepWalterJones"
"00616","K000009","Marcy Kaptur","F","rep","Democrat","RepMarcyKaptur"
"00635","K000210","Peter T. King","M","rep","Republican","RepPeteKing"
"00683","L000263","Sander M. Levin","M","rep","Democrat","RepSandyLevin"
"00688","L000287","John Lewis","M","rep","Democrat","RepJohnLewis"
"00699","L000554","Frank A. LoBiondo","M","rep","Republican","RepLoBiondo"
"00701","L000397","Zoe Lofgren","F","rep","Democrat","RepZoeLofgren"
"00709","L000480","Nita M. Lowey","F","rep","Democrat","NitaLowey"
"00711","L000491","Frank D. Lucas","M","rep","Republican","RepFrankLucas"
"00729","M000087","Carolyn B. Maloney","F","rep","Democrat","RepMaloney"
"00735","M000133","Edward J. Markey","M","sen","Democrat","MarkeyMemo"
"00754","M000303","John McCain","M","sen","Republican","SenJohnMcCain"
"00766","M000404","Jim McDermott","M","rep","Democrat","RepJimMcDermott"
"00791","M000639","Robert Menendez","M","sen","Democrat","SenatorMenendez"
"00800","M000689","John L. Mica","M","rep","Republican",NA
"00802","M000702","Barbara A. Mikulski","F","sen","Democrat","SenatorBarb"
"00850","N000002","Jerrold Nadler","M","rep","Democrat","RepJerryNadler"
"00854","N000015","Richard E. Neal","M","rep","Democrat","RepRichardNeal"
"00859","N000032","Bill Nelson","M","sen","Democrat","SenBillNelson"
"00867","N000127","Richard M. Nolan","M","rep","Democrat","USRepRickNolan"
"00868","N000147","Eleanor Holmes Norton","F","rep","Democrat","EleanorNorton"
"00887","P000034","Frank Pallone Jr.","M","rep","Democrat","FrankPallone"
"00905","P000197","Nancy Pelosi","F","rep","Democrat","NancyPelosi"
"00924","P000449","Rob Portman","M","sen","Republican","SenRobPortman"
"00930","P000523","David E. Price","M","rep","Democrat","RepDavidEPrice"
"00944","R000053","Charles B. Rangel","M","rep","Democrat","CBRangel"
"00949","R000122","Jack Reed","M","sen","Democrat","SenJackReed"
"00952","R000146","Harry Reid","M","sen","Democrat","SenatorReid"
"00968","R000307","Pat Roberts","M","sen","Republican","SenPatRoberts"
"00977","R000395","Harold Rogers","M","rep","Republican","RepHalRogers"
"00985","R000435","Ileana Ros-Lehtinen","F","rep","Republican","RosLehtinen"
"00997","R000486","Lucille Roybal-Allard","F","rep","Democrat","RepRoybalAllard"
"00998","R000487","Edward R. Royce","M","rep","Republican","RepEdRoyce"
"01003","R000515","Bobby L. Rush","M","rep","Democrat","RepBobbyRush"
"01009","S000018","Matt Salmon","M","rep","Republican","RepMattSalmon"
"01010","S000033","Bernard Sanders","M","sen","Independent","SenSanders"
"01012","S000051","Mark Sanford","M","rep","Republican","RepSanfordSC"
"01036","S000148","Charles E. Schumer","M","sen","Democrat","SenSchumer"
"01037","S000185","Robert C. ""Bobby"" Scott","M","rep","Democrat","RepBobbyScott"
"01041","S000244","F. James Sensenbrenner Jr.","M","rep","Republican","JimPressOffice"
"01042","S000248","José E. Serrano","M","rep","Democrat","RepJoseSerrano"
"01049","S000320","Richard C. Shelby","M","sen","Republican","SenShelby"
"01069","S000480","Louise McIntosh Slaughter","F","rep","Democrat","LouiseSlaughter"
"01071","S000522","Christopher H. Smith","M","rep","Republican","RepChrisSmith"
"01075","S000583","Lamar Smith","M","rep","Republican","LamarSmithTX21"
"01151","T000193","Bennie G. Thompson","M","rep","Democrat","BennieGThompson"
"01155","T000238","Mac Thornberry","M","rep","Republican","MacTXPress"
"01177","U000031","Fred Upton","M","rep","Republican","RepFredUpton"
"01184","V000081","Nydia M. Velázquez","F","rep","Democrat","NydiaVelazquez"
"01188","V000108","Peter J. Visclosky","M","rep","Democrat","RepVisclosky"
"01205","W000187","Maxine Waters","F","rep","Democrat","MaxineWaters"
"01222","W000413","Ed Whitfield","M","rep","Republican","RepEdWhitfield"
"01226","W000437","Roger F. Wicker","M","sen","Republican","SenatorWicker"
"01247","W000779","Ron Wyden","M","sen","Democrat","RonWyden"
"01256","Y000033","Don Young","M","rep","Republican","RepDonYoung"
"01332","F000062","Dianne Feinstein","F","sen","Democrat","SenFeinstein"
"01351","H000338","Orrin G. Hatch","M","sen","Republican","SenOrrinHatch"
"01383","L000174","Patrick J. Leahy","M","sen","Democrat","SenatorLeahy"
"01395","M000355","Mitch McConnell","M","sen","Republican","McConnellPress"
"01409","M001111","Patty Murray","F","sen","Democrat","PattyMurray"
"01460","A000055","Robert B. Aderholt","M","rep","Republican","Robert_Aderholt"
"01464","B000575","Roy Blunt","M","sen","Republican","RoyBlunt"
"01468","B000755","Kevin Brady","M","rep","Republican","RepKevinBrady"
"01469","B001227","Robert A. Brady","M","rep","Democrat","RepBrady"
"01471","C001036","Lois Capps","F","rep","Democrat","RepLoisCapps"
"01477","D000096","Danny K. Davis","M","rep","Democrat","RepDannyDavis"
"01479","D000197","Diana DeGette","F","rep","Democrat","RepDianaDeGette"
"01487","G000377","Kay Granger","F","rep","Republican","RepKayGranger"
"01490","H000636","Rubén Hinojosa","M","rep","Democrat","USRepRHinojosa"
"01498","K000188","Ron Kind","M","rep","Democrat","RepRonKind"
"01501","L000551","Barbara Lee","F","rep","Democrat","RepBarbaraLee"
"01504","M000312","James P. McGovern","M","rep","Democrat","RepMcGovern"
"01506","M001137","Gregory W. Meeks","M","rep","Democrat","GregoryMeeks"
"01507","M000934","Jerry Moran","M","sen","Republican","JerryMoran"
"01510","P000096","Bill Pascrell Jr.","M","rep","Democrat","BillPascrell"
"01514","P000373","Joseph R. Pitts","M","rep","Republican","RepJoePitts"
"01522","S000030","Loretta Sanchez","F","rep","Democrat","LorettaSanchez"
"01525","S000250","Pete Sessions","M","rep","Republican","PeteSessions"
"01526","S000344","Brad Sherman","M","rep","Democrat","BradSherman"
"01527","S000364","John Shimkus","M","rep","Republican","RepShimkus"
"01528","S000510","Adam Smith","M","rep","Democrat","RepAdamSmith"
"01531","S000770","Debbie Stabenow","F","sen","Democrat","SenStabenow"
"01534","T000250","John Thune","M","sen","Republican","SenJohnThune"
"01541","C001035","Susan M. Collins","F","sen","Republican","SenatorCollins"
"01542","E000285","Michael B. Enzi","M","sen","Republican","SenatorEnzi"
"01548","S001141","Jeff Sessions","M","sen","Republican","SenatorSessions"
"01558","B001230","Tammy Baldwin","F","sen","Democrat","SenatorBaldwin"
"01560","R000570","Paul Ryan","M","rep","Republican","RepPaulRyan"
"01564","C001037","Michael E. Capuano","M","rep","Democrat",NA
"01567","U000039","Tom Udall","M","sen","Democrat","SenatorTomUdall"
"01583","L000557","John B. Larson","M","rep","Democrat","RepJohnLarson"
"01588","S001145","Janice D. Schakowsky","F","rep","Democrat","JanSchakowsky"
"01590","S001148","Michael K. Simpson","M","rep","Republican","CongMikeSimpson"
"01593","T000460","Mike Thompson","M","rep","Democrat","RepThompson"
"01596","W000791","Greg Walden","M","rep","Republican","RepGregWalden"
"01602","N000179","Grace F. Napolitano","F","rep","Democrat","GraceNapolitano"
"01604","C001038","Joseph Crowley","M","rep","Democrat","RepJoeCrowley"
"01608","I000055","Johnny Isakson","M","sen","Republican","SenatorIsakson"
"01609","V000127","David Vitter","M","sen","Republican",NA
"01633","F000444","Jeff Flake","M","sen","Republican","JeffFlake"
"01634","H001034","Michael M. Honda","M","rep","Democrat","RepMikeHonda"
"01635","S001150","Adam B. Schiff","M","rep","Democrat","RepAdamSchiff"
"01640","I000056","Darrell E. Issa","M","rep","Republican","DarrellIssa"
"01641","D000598","Susan A. Davis","F","rep","Democrat","RepSusanDavis"
"01643","C001045","Ander Crenshaw","M","rep","Republican","AnderCrenshaw"
"01647","K000360","Mark Kirk","M","sen","Republican","SenatorKirk"
"01653","M001143","Betty McCollum","F","rep","Democrat","BettyMcCollum04"
"01654","C001049","Wm. Lacy Clay","M","rep","Democrat",NA
"01656","G000546","Sam Graves","M","rep","Republican",NA
"01656","G000546","Sam Graves","M","rep","Republican","RepSamGraves"
"01663","I000057","Steve Israel","M","rep","Democrat","RepSteveIsrael"
"01664","T000462","Patrick J. Tiberi","M","rep","Republican","TiberiPress"
"01668","L000559","James R. Langevin","M","rep","Democrat","JimLangevin"
"01670","C001048","John Abney Culberson","M","rep","Republican","CongCulberson"
"01675","L000560","Rick Larsen","M","rep","Democrat","RepRickLarsen"
"01676","C001047","Shelley Moore Capito","F","sen","Republican","SenCapito"
"01681","S001154","Bill Shuster","M","rep","Republican","RepBillShuster"
"01683","F000445","J. Randy Forbes","M","rep","Republican","Randy_Forbes"
"01685","M001144","Jeff Miller","M","rep","Republican",NA
"01686","L000562","Stephen F. Lynch","M","rep","Democrat","RepStephenLynch"
"01687","B001236","John Boozman","M","sen","Republican","JohnBoozman"
"01688","W000795","Joe Wilson","M","rep","Republican","RepJoeWilson"
"01692","C001056","John Cornyn","M","sen","Republican","JohnCornyn"
"01694","M001153","Lisa Murkowski","F","sen","Republican","LisaMurkowski"
"01695","A000360","Lamar Alexander","M","sen","Republican","SenAlexander"
"01704","R000575","Mike Rogers","M","rep","Republican","RepMikeRogersAL"
"01707","F000448","Trent Franks","M","rep","Republican","RepTrentFranks"
"01708","G000551","Raúl M. Grijalva","M","rep","Democrat","RepraulGrijalva"
"01710","N000181","Devin Nunes","M","rep","Republican","Rep_DevinNunes"
"01717","D000600","Mario Diaz-Balart","M","rep","Republican","MarioDB"
"01722","S001157","David Scott","M","rep","Democrat","RepDavidScott"
"01723","B001245","Madeleine Z. Bordallo","F","rep","Democrat",NA
"01724","K000362","Steve King","M","rep","Republican","SteveKingIA"
"01728","R000576","C. A. Dutch Ruppersberger","M","rep","Democrat","Call_Me_Dutch"
"01729","V000128","Chris Van Hollen","M","rep","Democrat","ChrisVanHollen"
"01731","M001150","Candice S. Miller","F","rep","Republican","CandiceMiller"
"01733","K000363","John Kline","M","rep","Republican","RepJohnKline"
"01737","G000548","Scott Garrett","M","rep","Republican","RepGarrett"
"01738","P000588","Stevan Pearce","M","rep","Republican","RepStevePearce"
"01741","T000463","Michael R. Turner","M","rep","Republican","RepMikeTurner"
"01742","C001053","Tom Cole","M","rep","Republican","TomColeOK04"
"01744","M001151","Tim Murphy","M","rep","Republican","RepTimMurphy"
"01748","B001243","Marsha Blackburn","F","rep","Republican","MarshaBlackburn"
"01749","H001036","Jeb Hensarling","M","rep","Republican","RepHensarling"
"01751","B001248","Michael C. Burgess","M","rep","Republican","MichaelCBurgess"
"01752","C001051","John R. Carter","M","rep","Republican","JudgeCarter"
"01753","B001250","Rob Bishop","M","rep","Republican","RepRobBishop"
"01756","R000577","Tim Ryan","M","rep","Democrat","RepTimRyan"
"01757","S001156","Linda T. Sánchez","F","rep","Democrat","RepLindaSanchez"
"01758","N000182","Randy Neugebauer","M","rep","Republican","RandyNeugebauer"
"01761","B001251","G. K. Butterfield","M","rep","Democrat","GKButterfield"
"01774","C001059","Jim Costa","M","rep","Democrat","RepJimCosta"
"01777","W000797","Debbie Wasserman Schultz","F","rep","Democrat","RepDWStweets"
"01778","P000591","Tom Price","M","rep","Republican","RepTomPrice"
"01779","W000796","Lynn A. Westmoreland","M","rep","Republican","RepWestmoreland"
"01781","L000563","Daniel Lipinski","M","rep","Democrat","RepLipinski"
"01787","B001255","Charles W. Boustany Jr.","M","rep","Republican","RepBoustany"
"01790","C001061","Emanuel Cleaver","M","rep","Democrat","RepCleaver"
"01791","F000450","Virginia Foxx","F","rep","Republican","VirginiaFoxx"
"01792","M001156","Patrick T. McHenry","M","rep","Republican","PatrickMcHenry"
"01793","F000449","Jeff Fortenberry","M","rep","Republican","JeffFortenberry"
"01794","H001038","Brian Higgins","M","rep","Democrat","RepBrianHiggins"
"01797","F000451","Michael G. Fitzpatrick","M","rep","Republican","RepFitzpatrick"
"01799","D000604","Charles W. Dent","M","rep","Republican",NA
"01801","G000552","Louie Gohmert","M","rep","Republican","RepLouieGohmert"
"01802","P000592","Ted Poe","M","rep","Republican","JudgeTedPoe"
"01803","G000553","Al Green","M","rep","Democrat","RepAlGreen"
"01804","M001157","Michael T. McCaul","M","rep","Republican","McCaulPressShop"
"01805","C001062","K. Michael Conaway","M","rep","Republican","ConawayTX11"
"01806","M001158","Kenny Marchant","M","rep","Republican","RepKenMarchant"
"01807","C001063","Henry Cuellar","M","rep","Democrat","RepCuellar"
"01809","M001159","Cathy McMorris Rodgers","F","rep","Republican","CathyMcMorris"
"01810","R000578","David G. Reichert","M","rep","Republican","DaveReichert"
"01811","M001160","Gwen Moore","F","rep","Democrat","RepGwenMoore"
"01814","M001163","Doris O. Matsui","F","rep","Democrat","DorisMatsui"
"01818","S001165","Albio Sires","M","rep","Democrat","Rep_Albio_Sires"
"01820","M001170","Claire McCaskill","F","sen","Democrat","McCaskillOffice"
"01823","W000802","Sheldon Whitehouse","M","sen","Democrat","SenWhitehouse"
"01825","C001071","Bob Corker","M","sen","Republican","SenBobCorker"
"01826","K000367","Amy Klobuchar","F","sen","Democrat",NA
"01828","C001070","Robert P. Casey, Jr.","M","sen","Democrat","SenBobCasey"
"01829","T000464","Jon Tester","M","sen","Democrat","SenatorTester"
"01832","M001166","Jerry McNerney","M","rep","Democrat","RepMcNerney"
"01833","M001165","Kevin McCarthy","M","rep","Republican","GOPLeader"
"01834","L000564","Doug Lamborn","M","rep","Republican","RepDLamborn"
"01835","P000593","Ed Perlmutter","M","rep","Democrat","RepPerlmutter"
"01836","C001069","Joe Courtney","M","rep","Democrat","RepJoeCourtney"
"01837","M001169","Christopher Murphy","M","sen","Democrat","ChrisMurphyCT"
"01838","B001257","Gus M. Bilirakis","M","rep","Republican","RepGusBilirakis"
"01839","C001066","Kathy Castor","F","rep","Democrat","USRepKCastor"
"01840","B001260","Vern Buchanan","M","rep","Republican","VernBuchanan"
"01843","J000288","Henry C. ""Hank"" Johnson Jr.","M","rep","Democrat","RepHankJohnson"
"01844","H001042","Mazie K. Hirono","F","sen","Democrat","MazieHirono"
"01846","L000565","David Loebsack","M","rep","Democrat","DaveLoebsack"
"01848","R000580","Peter J. Roskam","M","rep","Republican","PeterRoskam"
"01850","D000607","Joe Donnelly","M","sen","Democrat","SenDonnelly"
"01853","Y000062","John A. Yarmuth","M","rep","Democrat","RepJohnYarmuth"
"01855","W000798","Tim Walberg","M","rep","Republican","RepWalberg"
"01856","W000799","Timothy J. Walz","M","rep","Democrat","RepTimWalz"
"01857","E000288","Keith Ellison","M","rep","Democrat","KeithEllison"
"01860","S001172","Adrian Smith","M","rep","Republican","RepAdrianSmith"
"01863","H001041","Dean Heller","M","sen","Republican","SenDeanHeller"
"01864","C001067","Yvette D. Clarke","F","rep","Democrat","YvetteClarke"
"01866","G000555","Kirsten E. Gillibrand","F","sen","Democrat",NA
"01868","J000289","Jim Jordan","M","rep","Republican","Jim_Jordan"
"01878","C001068","Steve Cohen","M","rep","Democrat","RepCohen"
"01879","W000800","Peter Welch","M","rep","Democrat","PeterWelch"
"01881","B001261","John Barrasso","M","sen","Republican","SenJohnBarrasso"
"01884","T000465","Niki Tsongas","F","rep","Democrat","NikiInTheHouse"
"01885","L000566","Robert E. Latta","M","rep","Republican","BobLatta"
"01886","W000804","Robert J. Wittman","M","rep","Republican","RobWittman"
"01888","F000454","Bill Foster","M","rep","Democrat","RepBillFoster"
"01889","C001072","André Carson","M","rep","Democrat","RepAndreCarson"
"01890","S001175","Jackie Speier","F","rep","Democrat","RepSpeier"
"01892","S001176","Steve Scalise","M","rep","Republican","SteveScalise"
"01894","E000290","Donna F. Edwards","F","rep","Democrat","RepDonnaEdwards"
"01895","F000455","Marcia L. Fudge","F","rep","Democrat","RepMarciaFudge"
"01896","R000584","James E. Risch","M","sen","Republican","SenatorRisch"
"01897","W000805","Mark R. Warner","M","sen","Democrat","MarkWarner"
"01900","M001176","Jeff Merkley","M","sen","Democrat","SenJeffMerkley"
"01901","S001181","Jeanne Shaheen","F","sen","Democrat","SenatorShaheen"
"01907","K000368","Ann Kirkpatrick","F","rep","Democrat","RepKirkpatrick"
"01908","M001177","Tom McClintock","M","rep","Republican","RepMcClintock"
"01909","H001048","Duncan Hunter","M","rep","Republican","Rep_Hunter"
"01910","P000598","Jared Polis","M","rep","Democrat","JaredPolis"
"01912","C001077","Mike Coffman","M","rep","Republican","RepMikeCoffman"
"01913","H001047","James A. Himes","M","rep","Democrat","JAHimes"
"01914","G000556","Alan Grayson","M","rep","Democrat",NA
"01915","P000599","Bill Posey","M","rep","Republican","CongBillPosey"
"01916","R000583","Thomas J. Rooney","M","rep","Republican","TomRooney"
"01921","J000290","Lynn Jenkins","F","rep","Republican","RepLynnJenkins"
"01922","G000558","Brett Guthrie","M","rep","Republican","RepGuthrie"
"01924","F000456","John Fleming","M","rep","Republican","RepFleming"
"01925","C001075","Bill Cassidy","M","sen","Republican",NA
"01927","P000597","Chellie Pingree","F","rep","Democrat","ChelliePingree"
"01929","P000595","Gary Peters","M","sen","Democrat","SenGaryPeters"
"01930","P000594","Erik Paulsen","M","rep","Republican","RepErikPaulsen"
"01931","L000569","Blaine Luetkemeyer","M","rep","Republican","RepBlainePress"
"01933","H001045","Gregg Harper","M","rep","Republican","GreggHarper"
"01936","L000567","Leonard Lance","M","rep","Republican","RepLanceNJ7"
"01937","H001046","Martin Heinrich","M","sen","Democrat","MartinHeinrich"
"01939","L000570","Ben Ray Luján","M","rep","Democrat","RepBenRayLujan"
"01940","T000468","Dina Titus","F","rep","Democrat","RepDinaTitus"
"01942","T000469","Paul Tonko","M","rep","Democrat","RepPaulTonko"
"01950","S001180","Kurt Schrader","M","rep","Democrat","RepSchrader"
"01952","T000467","Glenn Thompson","M","rep","Republican","CongressmanGT"
"01953","P000596","Pedro R. Pierluisi","M","rep","Democrat","PedroPierluisi"
"01954","R000582","David P. Roe","M","rep","Republican","DrPhilRoe"
"01955","O000168","Pete Olson","M","rep","Republican","OlsonPressShop"
"01956","C001076","Jason Chaffetz","M","rep","Republican","JasonInTheHouse"
"01959","C001078","Gerald E. Connolly","M","rep","Democrat","GerryConnolly"
"01960","L000571","Cynthia M. Lummis","F","rep","Republican","CynthiaLummis"
"01962","S001177","Gregorio Kilili Camacho Sablan","M","rep","Independent",NA
"01965","B001267","Michael F. Bennet","M","sen","Democrat","SenBennetCo"
"01967","Q000023","Mike Quigley","M","rep","Democrat","RepMikeQuigley"
"01969","F000457","Al Franken","M","sen","Democrat",NA
"01970","C001080","Judy Chu","F","rep","Democrat","RepJudyChu"
"01973","G000559","John Garamendi","M","rep","Democrat","RepGaramendi"
"01976","D000610","Theodore E. Deutch","M","rep","Democrat","RepTedDeutch"
"01979","G000560","Tom Graves","M","rep","Republican","RepTomGraves"
"01981","S001188","Marlin A. Stutzman","M","rep","Republican","RepStutzman"
"01982","R000585","Tom Reed","M","rep","Republican","RepTomReed"
"01983","M001183","Joe Manchin, III","M","sen","Democrat","Sen_JoeManchin"
"01984","C001088","Christopher A. Coons","M","sen","Democrat","SenCoonsOffice"
"01986","R000591","Martha Roby","F","rep","Republican","RepMarthaRoby"
"01987","B001274","Mo Brooks","M","rep","Republican","RepMoBrooks"
"01988","S001185","Terri A. Sewell","F","rep","Democrat","RepTerriSewell"
"01989","C001087","Eric A. ""Rick"" Crawford","M","rep","Republican","RepRickCrawford"
"01991","W000809","Steve Womack","M","rep","Republican","Rep_SteveWomack"
"01992","G000565","Paul A. Gosar","M","rep","Republican","RepGosar"
"01994","S001183","David Schweikert","M","rep","Republican","RepDavid"
"01995","D000612","Jeff Denham","M","rep","Republican","RepJeffDenham"
"01996","B001270","Karen Bass","F","rep","Democrat","RepKarenBass"
"01997","T000470","Scott R. Tipton","M","rep","Republican","RepTipton"
"01998","G000562","Cory Gardner","M","sen","Republican","SenCoryGardner"
"01999","C001083","John C. Carney Jr.","M","rep","Democrat","JohnCarneyde"
"02001","N000185","Richard B. Nugent","M","rep","Republican","RepRichNugent"
"02002","W000806","Daniel Webster","M","rep","Republican","RepWebster"
"02003","R000593","Dennis A. Ross","M","rep","Republican","RepDennisRoss"
"02004","W000808","Frederica S. Wilson","F","rep","Democrat","RepWilson"
"02008","W000810","Rob Woodall","M","rep","Republican",NA
"02009","S001189","Austin Scott","M","rep","Republican","AustinScottGA08"
"02011","L000573","Raúl R. Labrador","M","rep","Republican","Raul_Labrador"
"02014","K000378","Adam Kinzinger","M","rep","Republican","RepKinzinger"
"02015","H001059","Randy Hultgren","M","rep","Republican","RepHultgren"
"02017","R000592","Todd Rokita","M","rep","Republican","ToddRokita"
"02018","B001275","Larry Bucshon","M","rep","Republican","RepLarryBucshon"
"02019","Y000064","Todd C. Young","M","rep","Republican","RepToddYoung"
"02020","H001057","Tim Huelskamp","M","rep","Republican","CongHuelskamp"
"02021","Y000063","Kevin Yoder","M","rep","Republican","RepKevinYoder"
"02022","P000602","Mike Pompeo","M","rep","Republican","RepMikePompeo"
"02023","R000588","Cedric L. Richmond","M","rep","Democrat","RepRichmond"
"02025","K000375","William R. Keating","M","rep","Democrat","USRepKeating"
"02026","H001052","Andy Harris","M","rep","Republican","RepAndyHarrisMD"
"02027","B001271","Dan Benishek","M","rep","Republican","CongressmanDan"
"02028","H001058","Bill Huizenga","M","rep","Republican","RepHuizenga"
"02029","A000367","Justin Amash","M","rep","Republican",NA
"02032","H001053","Vicky Hartzler","F","rep","Republican","RepHartzler"
"02033","L000576","Billy Long","M","rep","Republican","USRepLong"
"02035","P000601","Steven M. Palazzo","M","rep","Republican","CongPalazzo"
"02036","E000291","Renee L. Ellmers","F","rep","Republican","RepReneeEllmers"
"02038","G000570","Frank C. Guinta","M","rep","Republican","RepFrankGuinta"
"02040","H001055","Joseph J. Heck","M","rep","Republican","RepJoeHeck"
"02043","G000564","Christopher P. Gibson","M","rep","Republican","RepChrisGibson"
"02044","H001051","Richard L. Hanna","M","rep","Republican","RepRichardHanna"
"02046","J000292","Bill Johnson","M","rep","Republican","RepBillJohnson"
"02047","S001187","Steve Stivers","M","rep","Republican","RepSteveStivers"
"02048","R000586","James B. Renacci","M","rep","Republican","RepJimRenacci"
"02049","G000563","Bob Gibbs","M","rep","Republican","RepBobGibbs"
"02050","L000575","James Lankford","M","sen","Republican","SenatorLankford"
"02051","K000376","Mike Kelly","M","rep","Republican","MikeKellyPA"
"02052","M001181","Patrick Meehan","M","rep","Republican","RepMeehan"
"02053","M001179","Tom Marino","M","rep","Republican","RepTomMarino"
"02054","B001269","Lou Barletta","M","rep","Republican","RepLouBarletta"
"02055","C001084","David N. Cicilline","M","rep","Democrat","RepCicilline"
"02056","S001184","Tim Scott","M","sen","Republican","SenatorTimScott"
"02057","D000615","Jeff Duncan","M","rep","Republican","RepJeffDuncan"
"02058","G000566","Trey Gowdy","M","rep","Republican","TGowdySC"
"02059","M001182","Mick Mulvaney","M","rep","Republican","RepMickMulvaney"
"02060","N000184","Kristi L. Noem","F","rep","Republican","RepKristiNoem"
"02061","F000459","Charles J. ""Chuck"" Fleischmann","M","rep","Republican","RepChuck"
"02062","D000616","Scott DesJarlais","M","rep","Republican","DesJarlaisTN04"
"02063","B001273","Diane Black","F","rep","Republican","RepDianeBlack"
"02064","F000458","Stephen Lee Fincher","M","rep","Republican","RepFincherTN08"
"02065","F000461","Bill Flores","M","rep","Republican","RepBillFlores"
"02067","F000460","Blake Farenthold","M","rep","Republican","Farenthold"
"02068","R000589","E. Scott Rigell","M","rep","Republican","RepScottRigell"
"02069","H001060","Robert Hurt","M","rep","Republican","RepRobertHurt"
"02070","G000568","H. Morgan Griffith","M","rep","Republican","RepMGriffith"
"02071","H001056","Jaime Herrera Beutler","F","rep","Republican","HerreraBeutler"
"02072","D000614","Sean P. Duffy","M","rep","Republican","RepSeanDuffy"
"02073","R000587","Reid J. Ribble","M","rep","Republican","RepRibble"
"02074","M001180","David B. McKinley","M","rep","Republican","RepMcKinley"
"02075","A000368","Kelly Ayotte","F","sen","Republican",NA
"02076","B001277","Richard Blumenthal","M","sen","Democrat","SenBlumenthal"
"02079","H001061","John Hoeven","M","sen","Republican","SenJohnHoeven"
"02080","L000577","Mike Lee","M","sen","Republican","SenMikeLee"
"02082","P000603","Rand Paul","M","sen","Republican",NA
"02084","R000595","Marco Rubio","M","sen","Republican","SenRubioPress"
"02085","T000461","Patrick J. Toomey","M","sen","Republican","SenToomey"
"02086","J000293","Ron Johnson","M","sen","Republican","SenRonJohnson"
"02089","H001063","Janice Hahn","F","rep","Democrat","Rep_JaniceHahn"
"02090","A000369","Mark E. Amodei","M","rep","Republican","MarkAmodeiNV2"
"02092","B001278","Suzanne Bonamici","F","rep","Democrat","RepBonamici"
"02094","M001184","Thomas Massie","M","rep","Republican","RepThomasMassie"
"02096","D000617","Suzan K. DelBene","F","rep","Democrat","RepDelBene"
"02097","P000604","Donald M. Payne Jr.","M","rep","Democrat","RepDonaldPayne"
"02098","C001095","Tom Cotton","M","sen","Republican","SenTomCotton"
"02099","S001191","Kyrsten Sinema","F","rep","Democrat","RepSinema"
"02100","L000578","Doug LaMalfa","M","rep","Republican","RepLaMalfa"
"02101","H001068","Jared Huffman","M","rep","Democrat","RepHuffman"
"02102","B001287","Ami Bera","M","rep","Democrat","RepBera"
"02103","C001094","Paul Cook","M","rep","Republican","RepPaulCook"
"02104","S001193","Eric Swalwell","M","rep","Democrat","RepSwalwell"
"02105","V000129","David G. Valadao","M","rep","Republican","RepDavidValadao"
"02107","C001097","Tony Cárdenas","M","rep","Democrat","RepCardenas"
"02109","R000599","Raul Ruiz","M","rep","Democrat","CongressmanRuiz"
"02110","T000472","Mark Takano","M","rep","Democrat","RepMarkTakano"
"02111","L000579","Alan S. Lowenthal","M","rep","Democrat","RepLowenthal"
"02112","V000130","Juan Vargas","M","rep","Democrat","RepJuanVargas"
"02113","P000608","Scott H. Peters","M","rep","Democrat","RepScottPeters"
"02114","E000293","Elizabeth H. Esty","F","rep","Democrat","RepEsty"
"02115","Y000065","Ted S. Yoho","M","rep","Republican","RepTedYoho"
"02116","D000621","Ron DeSantis","M","rep","Republican","RepDeSantis"
"02117","M001191","Patrick Murphy","M","rep","Democrat","RepMurphyFL"
"02119","F000462","Lois Frankel","F","rep","Democrat","RepLoisFrankel"
"02121","C001093","Doug Collins","M","rep","Republican","RepDougCollins"
"02122","G000571","Tulsi Gabbard","F","rep","Democrat","TulsiPress"
"02123","D000622","Tammy Duckworth","F","rep","Democrat","RepDuckworth"
"02126","D000619","Rodney Davis","M","rep","Republican","RodneyDavis"
"02127","B001286","Cheri Bustos","F","rep","Democrat","RepCheri"
"02128","W000813","Jackie Walorski","F","rep","Republican","RepWalorski"
"02129","B001284","Susan W. Brooks","F","rep","Republican","SusanWBrooks"
"02130","M001189","Luke Messer","M","rep","Republican","RepLukeMesser"
"02131","B001282","Andy Barr","M","rep","Republican","RepAndyBarr"
"02133","D000620","John K. Delaney","M","rep","Democrat","RepJohnDelaney"
"02134","K000380","Daniel T. Kildee","M","rep","Democrat","RepDanKildee"
"02137","W000812","Ann Wagner","F","rep","Republican","RepAnnWagner"
"02138","D000618","Steve Daines","M","sen","Republican","SteveDaines"
"02140","H001067","Richard Hudson","M","rep","Republican","RepRichHudson"
"02141","P000606","Robert Pittenger","M","rep","Republican","RepPittenger"
"02142","M001187","Mark Meadows","M","rep","Republican","RepMarkMeadows"
"02143","H001065","George Holding","M","rep","Republican","RepHolding"
"02144","C001096","Kevin Cramer","M","rep","Republican","RepKevinCramer"
"02145","K000382","Ann M. Kuster","F","rep","Democrat","RepAnnieKuster"
"02146","L000580","Michelle Lujan Grisham","F","rep","Democrat","RepLujanGrisham"
"02148","M001188","Grace Meng","F","rep","Democrat","RepGraceMeng"
"02149","J000294","Hakeem S. Jeffries","M","rep","Democrat","RepJeffries"
"02150","M001185","Sean Patrick Maloney","M","rep","Democrat","RepSeanMaloney"
"02151","C001092","Chris Collins","M","rep","Republican","RepChrisCollins"
"02152","W000815","Brad R. Wenstrup","M","rep","Republican","RepBradWenstrup"
"02153","B001281","Joyce Beatty","F","rep","Democrat","RepBeatty"
"02154","J000295","David P. Joyce","M","rep","Republican","RepDaveJoyce"
"02155","B001283","Jim Bridenstine","M","rep","Republican","RepJBridenstine"
"02156","M001190","Markwayne Mullin","M","rep","Republican","RepMullin"
"02157","P000605","Scott Perry","M","rep","Republican","RepScottPerry"
"02158","R000598","Keith J. Rothfus","M","rep","Republican","KeithRothfus"
"02159","C001090","Matt Cartwright","M","rep","Democrat","RepCartwright"
"02160","R000597","Tom Rice","M","rep","Republican","RepTomRice"
"02161","W000814","Randy K. Weber Sr.","M","rep","Republican","TXRandy14"
"02162","O000170","Beto O'Rourke","M","rep","Democrat","RepBetoORourke"
"02163","C001091","Joaquin Castro","M","rep","Democrat","JoaquinCastrotx"
"02165","W000816","Roger Williams","M","rep","Republican","RepRWilliams"
"02166","V000131","Marc A. Veasey","M","rep","Democrat","RepVeasey"
"02167","V000132","Filemon Vela","M","rep","Democrat","RepFilemonVela"
"02168","S001192","Chris Stewart","M","rep","Republican","RepChrisStewart"
"02169","K000381","Derek Kilmer","M","rep","Democrat","RepDerekKilmer"
"02170","H001064","Denny Heck","M","rep","Democrat","RepDennyHeck"
"02171","P000607","Mark Pocan","M","rep","Democrat","RepMarkPocan"
"02172","K000379","Joseph P. Kennedy III","M","rep","Democrat","RepJoeKennedy"
"02173","S001194","Brian Schatz","M","sen","Democrat","SenBrianSchatz"
"02174","H001069","Heidi Heitkamp","F","sen","Democrat","SenatorHeitkamp"
"02175","C001098","Ted Cruz","M","sen","Republican","SenTedCruz"
"02176","K000384","Tim Kaine","M","sen","Democrat","SenKaineOffice"
"02179","F000463","Deb Fischer","F","sen","Republican","SenatorFischer"
"02182","W000817","Elizabeth Warren","F","sen","Democrat","SenWarren"
"02190","K000385","Robin L. Kelly","F","rep","Democrat","RepRobinKelly"
"02191","S001195","Jason Smith","M","rep","Republican","RepJasonSmith"
"02194","B001288","Cory A. Booker","M","sen","Democrat","SenBookerOfc"
"02196","C001101","Katherine M. Clark","F","rep","Democrat","RepKClark"
"02197","B001289","Bradley Byrne","M","rep","Republican","RepByrne"
"02199","J000296","David W. Jolly","M","rep","Republican","USRepDavidJolly"
"02200","C001102","Curt Clawson","M","rep","Republican","RepCurtClawson"
"02201","A000370","Alma S. Adams","F","rep","Democrat","RepAdams"
"02221","P000609","Gary J. Palmer","M","rep","Republican","USRepGaryPalmer"
"02222","R000600","Aumua Amata Coleman Radewagen","F","rep","Republican","RepAmata"
"02223","H001072","J. French Hill","M","rep","Republican","RepFrenchHill"
"02224","W000821","Bruce Westerman","M","rep","Republican","RepWesterman"
"02225","M001197","Martha McSally","F","rep","Republican","RepMcSally"
"02226","G000574","Ruben Gallego","M","rep","Democrat","RepRubenGallego"
"02227","D000623","Mark DeSaulnier","M","rep","Democrat","RepDeSaulnier"
"02228","K000387","Stephen Knight","M","rep","Republican","SteveKnight25"
"02229","A000371","Pete Aguilar","M","rep","Democrat","reppeteaguilar"
"02230","L000582","Ted Lieu","M","rep","Democrat","RepTedLieu"
"02231","T000474","Norma J. Torres","F","rep","Democrat","NormaJTorres"
"02232","W000820","Mimi Walters","F","rep","Republican","RepMimiWalters"
"02233","B001297","Ken Buck","M","rep","Republican","RepKenBuck"
"02234","G000575","Gwen Graham","F","rep","Democrat","RepGwenGraham"
"02235","C001107","Carlos Curbelo","M","rep","Republican","RepCurbelo"
"02236","C001103","Earl L. ""Buddy"" Carter","M","rep","Republican","RepBuddyCarter"
"02237","H001071","Jody B. Hice","M","rep","Republican","congressmanhice"
"02238","L000583","Barry Loudermilk","M","rep","Republican","RepLoudermilk"
"02239","A000372","Rick W. Allen","M","rep","Republican","reprickallen"
"02240","T000473","Mark Takai","M","rep","Democrat","RepMarkTakai"
"02241","B001294","Rod Blum","M","rep","Republican","RepRodBlum"
"02242","Y000066","David Young","M","rep","Republican","RepDavidYoung"
"02243","B001295","Mike Bost","M","rep","Republican","RepBost"
"02244","A000374","Ralph Lee Abraham","M","rep","Republican","RepAbraham"
"02245","G000577","Garret Graves","M","rep","Republican","RepGarretGraves"
"02247","P000611","Bruce Poliquin","M","rep","Republican","RepPoliquin"
"02248","M001194","John R. Moolenaar","M","rep","Republican","RepMoolenaar"
"02249","B001293","Mike Bishop","M","rep","Republican","RepMikeBishop"
"02250","T000475","David A. Trott","M","rep","Republican","repdavetrott"
"02251","D000624","Debbie Dingell","F","rep","Democrat","RepDebDingell"
"02253","E000294","Tom Emmer","M","rep","Republican","RepTomEmmer"
"02254","Z000018","Ryan K. Zinke","M","rep","Republican","RepRyanZinke"
"02255","W000819","Mark Walker","M","rep","Republican",NA
"02256","R000603","David Rouzer","M","rep","Republican","RepDavidRouzer"
"02257","A000373","Brad Ashford","M","rep","Democrat","RepBradAshford"
"02258","M001193","Thomas MacArthur","M","rep","Republican","RepTomMacArthur"
"02259","W000822","Bonnie Watson Coleman","F","rep","Democrat","RepBWColeman"
"02260","H001070","Cresent Hardy","M","rep","Republican","RepHardy"
"02261","Z000017","Lee M. Zeldin","M","rep","Republican","RepLeeZeldin"
"02262","R000602","Kathleen M. Rice","F","rep","Democrat","RepKathleenRice"
"02263","S001196","Elise M. Stefanik","F","rep","Republican","RepStefanik"
"02264","K000386","John Katko","M","rep","Republican","RepJohnKatko"
"02265","R000604","Steve Russell","M","rep","Republican","USRepRussell"
"02266","C001106","Ryan A. Costello","M","rep","Republican","RepRyanCostello"
"02267","B001296","Brendan F. Boyle","M","rep","Democrat","RepBrendanBoyle"
"02268","R000601","John Ratcliffe","M","rep","Republican","RepRatcliffe"
"02269","H001073","Will Hurd","M","rep","Republican","hurdonthehill"
"02270","B001291","Brian Babin","M","rep","Republican","RepBrianBabin"
"02271","L000584","Mia B. Love","F","rep","Republican","repmialove"
"02273","C001105","Barbara Comstock","F","rep","Republican","RepComstock"
"02274","P000610","Stacey E. Plaskett","F","rep","Democrat","staceyplaskett"
"02275","N000189","Dan Newhouse","M","rep","Republican","RepNewhouse"
"02277","M001195","Alexander X. Mooney","M","rep","Republican","RepAlexMooney"
"02278","J000297","Evan H. Jenkins","M","rep","Republican","RepEvanJenkins"
"02283","E000295","Joni Ernst","F","sen","Republican","SenJoniErnst"
"02286","P000612","David Perdue","M","sen","Republican","sendavidperdue"
"02288","R000605","Mike Rounds","M","sen","Republican","SenatorRounds"
"02289","S001197","Ben Sasse","M","sen","Republican","SenSasse"
"02290","S001198","Daniel Sullivan","M","sen","Republican","SenDanSullivan"
"02291","T000476","Thom Tillis","M","sen","Republican","senthomtillis"
