"thomas_id","id","chamber","stdis","first_name","last_name","party","congress_account","congress_account_id","candidate_account","candidate_account_id","personal_account","personal_account_id","press_account","press_account_id","facebook_account_name","facebook_account_id"
1694,"M001153","Senate","AK","Lisa","Murkowski","R","lisamurkowski","18061669","",NA,"",NA,"",NA,"SenLisaMurkowski","25271170290"
1256,"Y000033","House","AK","Don","Young","R","repdonyoung","37007274","",NA,"",NA,"",NA,"RepDonYoung","7476269851"
1898,"B001265","Senate","AK","Mark","Begich","D","senatorbegich","83901492","",NA,"",NA,"",NA,"Begich","121360477876652"
1548,"S001141","Senate","AL","Jeff","Sessions","R","senatorsessions","47975734","",NA,"",NA,"",NA,"jeffsessions","23444159584"
1049,"S000320","Senate","AL","Richard","Shelby","R","senshelby","21111098","",NA,"",NA,"",NA,"RichardShelby","50850514797"
1703,"B001244","House","AL1","Jo","Bonner","R","repjobonner","190798793","",NA,"",NA,"",NA,"jobonner","49704847429"
1986,"R000591","House","AL2","Martha","Roby","R","repmartharoby","224294785","",NA,"",NA,"",NA,"Representative.Martha.Roby","174519582574426"
1704,"R000575","House","AL3","Mike","Rogers","R","repmikerogersal","33977070","",NA,"",NA,"",NA,"CongressmanMikeDRogers","171770326187035"
1460,"A000055","House","AL4","Robert","Aderholt","R","robert_aderholt","76452765","",NA,"",NA,"",NA,"RobertAderholt","19787529402"
1987,"B001274","House","AL5","Mo","Brooks","R","repmobrooks","237299871","",NA,"",NA,"",NA,NA,"155220881193244"
38,"B000013","House","AL6","Spencer","Bachus","R","bachusal06","78431501","",NA,"",NA,"",NA,"SpencerBachus","6769692966"
1988,"S001185","House","AL7","Terri","Sewell","D","repterrisewell","381152398","",NA,"",NA,"",NA,"RepSewell","117758198297225"
1687,"B001236","Senate","AR","John","Boozman","R","johnboozman","5558312","",NA,"",NA,"",NA,"JohnBoozman","7686715735"
1701,"P000590","Senate","AR","Mark","Pryor","D","senmarkpryor","426655227","",NA,"",NA,"",NA,"MarkPryor","9248638978"
1989,"C001087","House","AR1","Rick","Crawford","R","reprickcrawford","233693291","",NA,"",NA,"",NA,"RepRickCrawford","143344975723788"
1990,"G000567","House","AR2","Tim","Griffin","R","reptimgriffin","201079432","",NA,"",NA,"",NA,"",NA
1991,"W000809","House","AR3","Steve","Womack","R","rep_stevewomack","234469322","",NA,"",NA,"",NA,"RepSteveWomack","135898413136490"
2098,"C001095","House","AR4","Tom","Cotton","R","reptomcotton","968650362","tomcottonar","343041182","",NA,"",NA,"RepTomCotton","120355701459307"
367,"F000010","House","AS79","Eni","Faleomavaega","D",NA,NA,NA,NA,NA,NA,NA,NA,"",NA
1633,"F000444","Senate","AZ","Jeff","Flake","R","jeffflake","16056306","",NA,"",NA,"",NA,"senatorjeffflake","154010926645"
754,"M000303","Senate","AZ","John","McCain","R","senjohnmccain","19394188","",NA,"",NA,"",NA,"johnmccain","6425923706"
1907,"K000368","House","AZ1","Ann","Kirkpatrick","D","repkirkpatrick","1090002997","ann_kirkpatrick","272004287","",NA,"",NA,"RepKirkpatrick","152493768236405"
2093,"B001279","House","AZ2","Ron","Barber","D","repronbarber","612117635","",NA,"",NA,"",NA,"RepRonBarber","244907165625305"
1708,"G000551","House","AZ3","Raúl","Grijalva","D","repraulgrijalva","28602948","",NA,"",NA,"",NA,"Rep.Grijalva","73539896233"
1992,"G000565","House","AZ4","Paul","Gosar","R","repgosar","240760644","",NA,"",NA,"",NA,"repgosar","104329699641957"
1009,"S000018","House","AZ5","Matt","Salmon","R","repmattsalmon","1072382221","salmoncongress","281796440","",NA,"",NA,"RepMattSalmon","149561218527414"
1994,"S001183","House","AZ6","David","Schweikert","R","repdavid","229197216","",NA,"",NA,"",NA,"repdavidschweikert","150338151681908"
893,"P000099","House","AZ7","Ed","Pastor","D","",NA,"pastorforaz","108839478","",NA,"",NA,"",NA
1707,"F000448","House","AZ8","Trent","Franks","R","reptrentfranks","24773493","",NA,"",NA,"",NA,"TrentFranks","209486545087"
2099,"S001191","House","AZ9","Kyrsten","Sinema","D","repsinema","1080844782","kyrstensinema","20747881","",NA,"",NA,"CongresswomanSinema","233846963416149"
1332,"F000062","Senate","CA","Dianne","Feinstein","D","senfeinstein","476256944","",NA,"",NA,"",NA,"SenatorFeinstein","334887279867783"
116,"B000711","Senate","CA","Barbara","Boxer","D","senatorboxer","15442036","",NA,"",NA,"",NA,"senatorboxer","116513005087055"
2100,"L000578","House","CA1","Doug","LaMalfa","R","replamalfa","1069124515","douglamalfa","19808819","",NA,"",NA,"",NA
1995,"D000612","House","CA10","Jeffrey","Denham","R","repjeffdenham","248699486","",NA,"",NA,"",NA,"RepJeffDenham","133714040028137"
808,"M000725","House","CA11","George","Miller","D","askgeorge","7356562","",NA,"",NA,"",NA,"repgeorgemiller","75298637905"
905,"P000197","House","CA12","Nancy","Pelosi","D","nancypelosi","15764644","",NA,"",NA,"",NA,"NancyPelosi","86574174383"
1501,"L000551","House","CA13","Barbara","Lee","D","repbarbaralee","248735463","",NA,"",NA,"",NA,"RepBarbaraLee","92190287786"
1890,"S001175","House","CA14","Jackie","Speier","D","repspeier","24913074","",NA,"",NA,"",NA,"JackieSpeier","99332606976"
2104,"S001193","House","CA15","Eric","Swalwell","D","repswalwell","942156122","",NA,"",NA,"",NA,"CongressmanEricSwalwell","450130878375355"
1774,"C001059","House","CA16","Jim","Costa","D","repjimcosta","245451804","",NA,"",NA,"",NA,"RepJimCosta","166497040064181"
1634,"H001034","House","CA17","Michael","Honda","D","repmikehonda","16583468","",NA,"",NA,"",NA,"RepMikeHonda","15675385380"
355,"E000215","House","CA18","Anna","Eshoo","D","repannaeshoo","249348006","",NA,"",NA,"",NA,"RepAnnaEshoo","174979964227"
701,"L000397","House","CA19","Zoe","Lofgren","D","repzoelofgren","267938462","",NA,"",NA,"",NA,"zoelofgren","221191600719"
2101,"H001068","House","CA2","Jared","Huffman","D","rephuffman","1071102246","",NA,"",NA,"",NA,"RepHuffman","200227780116038"
368,"F000030","House","CA20","Sam","Farr","D","repsamfarr","158398519","",NA,"",NA,"",NA,"RepSamFarr","7018136294"
2105,"V000129","House","CA21","David","Valadao","R","repdavidvaladao","1128514404","dgvaladao","36676406","",NA,"",NA,"CongressmanDavidValadao","105596689621089"
1710,"N000181","House","CA22","Devin","Nunes","R","rep_devinnunes","344972339","devinnunes","54412900","",NA,"",NA,"",NA
1833,"M001165","House","CA23","Kevin","McCarthy","R","gopwhip","19739126","kevinomccarthy","15428227","",NA,"",NA,"CongressmanKevinMcCarthy","51052893175"
1471,"C001036","House","CA24","Lois","Capps","D","reploiscapps","292990703","",NA,"",NA,"",NA,"loiscapps","168989481141"
778,"M000508","House","CA25","Howard","McKeon","R","buckmckeon","16348437","",NA,"",NA,"",NA,"BuckMcKeon","8138529578"
2106,"B001285","House","CA26","Julia","Brownley","D","juliabrownley26","1243902714","juliabrownley","44251742","",NA,"",NA,"",NA
1970,"C001080","House","CA27","Judy","Chu","D","repjudychu","193732179","",NA,"",NA,"",NA,"RepJudyChu","41228315130"
1635,"S001150","House","CA28","Adam","Schiff","D","repadamschiff","29501253","",NA,"",NA,"",NA,"RepAdamSchiff","9086721830"
2107,"C001097","House","CA29","Tony","Cardenas","D","repcardenas","1222257180","",NA,"",NA,"",NA,"",NA
1973,"G000559","House","CA3","John","Garamendi","D","repgaramendi","88806753","",NA,"",NA,"",NA,"repgaramendi","182567716746"
1526,"S000344","House","CA30","Brad","Sherman","D","bradsherman","30216513","",NA,"",NA,"",NA,NA,"63158229861"
1584,"M001139","House","CA31","Gary","Miller","R","repgarymiller","155642785","",NA,"",NA,"",NA,"RepGaryMiller","105352226181045"
1602,"N000179","House","CA32","Grace","Napolitano","D","gracenapolitano","161411080","",NA,"",NA,"",NA,"RepGraceNapolitano","163108420409412"
1209,"W000215","House","CA33","Henry","Waxman","D","waxmanclimate","785414496","",NA,"",NA,"",NA,"Rep.HenryWaxman","129514917081997"
70,"B000287","House","CA34","Xavier","Becerra","D","repbecerra","133832049","",NA,"",NA,"",NA,"XavierBecerra","90311772229"
2108,"N000187","House","CA35","Gloria","Negrete McLeod","D","repmcleod","1027156464","",NA,"",NA,"",NA,"NegreteMcLeod","282772691776629"
2109,"R000599","House","CA36","Raul","Ruiz","D","congressmanruiz","1089859058","",NA,"",NA,"",NA,"",NA
1996,"B001270","House","CA37","Karen","Bass","D","repkarenbass","239949176","",NA,"",NA,"",NA,"RepKarenBass","190867440939405"
1757,"S001156","House","CA38","Linda","Sanchez","D","replindasanchez","312134473","",NA,"",NA,"",NA,"CongresswomanLindaSanchez","110685735673141"
998,"R000487","House","CA39","Ed","Royce","R","repedroyce","246769138","",NA,"",NA,"",NA,"EdRoyce","6460640558"
1908,"M001177","House","CA4","Tom","McClintock","R","repmcclintock","50152441","",NA,"",NA,"",NA,NA,"81125319109"
997,"R000486","House","CA40","Lucille","Roybal-Allard","D","reproybalallard","479872233","",NA,"",NA,"",NA,"RepRoybalAllard","139773069370563"
2110,"T000472","House","CA41","Mark","Takano","D","repmarktakano","1037321378","",NA,"",NA,"",NA,"RepMarkTakano","262447300551014"
165,"C000059","House","CA42","Ken","Calvert","R","kencalvert","22545491","",NA,"",NA,"",NA,"RepKenCalvert","70063393423"
1205,"W000187","House","CA43","Maxine","Waters","D","maxinewaters","36686040","",NA,"",NA,"",NA,"MaxineWaters","117483585008"
2089,"H001063","House","CA44","Janice","Hahn","D","rep_janicehahn","339852137","",NA,"",NA,"",NA,"RepJaniceHahn","256471267712118"
1816,"C001064","House","CA45","John","Campbell","R","repjohncampbell","248718904","",NA,"",NA,"",NA,"JohnCampbell","60546090739"
1522,"S000030","House","CA46","Loretta","Sanchez","D","lorettasanchez","108376246","",NA,"",NA,"",NA,"LorettaSanchez","90966961167"
2111,"L000579","House","CA47","Alan","Lowenthal","D","replowenthal","1055730738","",NA,"",NA,"",NA,"RepLowenthal","392631677490897"
979,"R000409","House","CA48","Dana","Rohrabacher","R","danarohrabacher","19139963","",NA,"",NA,"",NA,"",NA
1640,"I000056","House","CA49","Darrell","Issa","R","darrellissa","22509548","",NA,"",NA,"",NA,"darrellissa","19463427992"
1593,"T000460","House","CA5","Mike","Thompson","D","repthompson","303861808","",NA,"",NA,"",NA,"RepMikeThompson","7109195747"
1909,"H001048","House","CA50","Duncan","Hunter","R","rep_hunter","1305596696","",NA,"",NA,"",NA,"DuncanHunter","79072979038"
2112,"V000130","House","CA51","Juan","Vargas","D","repjuanvargas","1260172386","",NA,"",NA,"",NA,"RepJuanVargas","176942192453747"
2113,"P000608","House","CA52","Scott","Peters","D","repscottpeters","1135486501","scottpeterssd","292594517","",NA,"",NA,"CongressmanScottPeters","449337038470352"
1641,"D000598","House","CA53","Susan","Davis","D","repsusandavis","432771620","",NA,"",NA,"",NA,"RepSusanDavis","103767526332478"
1814,"M001163","House","CA6","Doris","Matsui","D","dorismatsui","38254095","",NA,"",NA,"",NA,"doris.matsui","282703023118"
2102,"B001287","House","CA7","Ami","Bera","D","repbera","950783972","",NA,"",NA,"",NA,"RepAmiBera","528662157146886"
2103,"C001094","House","CA8","Paul","Cook","R","reppaulcook","1074412920","",NA,"",NA,"",NA,"RepPaulCook","464458413604093"
1832,"M001166","House","CA9","Jerry","McNerney","D","repmcnerney","385429543","",NA,"",NA,"",NA,"jerrymcnerney","215241308510238"
1595,"U000038","Senate","CO","Mark","Udall","D","markudall","8128442","",NA,"",NA,"",NA,"markudall","17204170252"
1965,"B001267","Senate","CO","Michael","Bennet","D","senbennetco","224285242","",NA,"",NA,"",NA,"senatorbennet","97172997732"
1479,"D000197","House","CO1","Diana","DeGette","D","repdianadegette","28599820","",NA,"",NA,"",NA,"DianaDeGette","110757973488"
1910,"P000598","House","CO2","Jared","Polis","D","repjaredpolis","463132556","polis4congress","600422073","jaredpolis","15361570","",NA,"jaredpolis","53481427529"
1997,"T000470","House","CO3","Scott","Tipton","R","reptipton","242873057","",NA,"",NA,"",NA,"CongressmanScottTipton","191428784201721"
1998,"G000562","House","CO4","Cory","Gardner","R","repcorygardner","235217558","",NA,"",NA,"",NA,"CongressmanGardner","160924893954206"
1834,"L000564","House","CO5","Doug","Lamborn","R","repdlamborn","584012853","",NA,"",NA,"",NA,"CongressmanDougLamborn","45059452286"
1912,"C001077","House","CO6","Mike","Coffman","R","repmikecoffman","19407835","",NA,"",NA,"",NA,"repmikecoffman","366142384492"
1835,"P000593","House","CO7","Ed","Perlmutter","D","repperlmutter","20552026","",NA,"",NA,"",NA,"RepPerlmutter","86174496459"
1837,"M001169","Senate","CT","Christopher","Murphy","D","chrismurphyct","150078976","",NA,"",NA,"",NA,"",NA
2076,"B001277","Senate","CT","Richard","Blumenthal","D","senblumenthal","278124059","",NA,"",NA,"blumenthalpress","578436965","SenBlumenthal","289987304364966"
1583,"L000557","House","CT1","John","Larson","D","repjohnlarson","50452197","",NA,"",NA,"",NA,"RepJohnLarson","6352928631"
1836,"C001069","House","CT2","Joe","Courtney","D","repjoecourtney","85396297","",NA,"",NA,"",NA,"joecourtney","330408799230"
281,"D000216","House","CT3","Rosa","DeLauro","D","rosadelauro","140519774","",NA,"",NA,"",NA,"CongresswomanRosaDeLauro","181302611907634"
1913,"H001047","House","CT4","Jim","Himes","D","jahimes","31611298","",NA,"",NA,"",NA,"CongressmanJimHimes","85767418619"
2114,"E000293","House","CT5","Elizabeth","Esty","D","repesty","1060984272","",NA,"",NA,"",NA,"RepEsty","292076514228382"
868,"N000147","House","DC79","Eleanor","Norton","D","eleanornorton","23600262","",NA,"",NA,"",NA,"CongresswomanNorton","61731840657"
1999,"C001083","House","DE","John","Carney","D","johncarneyde","237770636","",NA,"",NA,"",NA,"JohnCarneyDE","156024857781159"
179,"C000174","Senate","DE","Thomas","Carper","D","senatorcarper","249787913","",NA,"",NA,"",NA,"tomcarper","124891107521733"
1984,"C001088","Senate","DE","Christopher","Coons","D","chriscoons","15324851","",NA,"",NA,"sencoonsoffice","435500714","senatorchriscoons","254950754518205"
859,"N000032","Senate","FL","Bill","Nelson","D","senbillnelson","20597460","",NA,"",NA,"",NA,"",NA
2084,"R000595","Senate","FL","Marco","Rubio","R","marcorubio","15745368","",NA,"",NA,"senrubiopress","229966028","SenatorMarcoRubio","178910518800987"
1685,"M001144","House","FL1","Jeff","Miller","R","repjeffmiller","1061292174","",NA,"",NA,"",NA,"RepJeffMiller","66367876671"
2002,"W000806","House","FL10","Daniel","Webster","R","repwebster","281540744","",NA,"",NA,"",NA,"RepWebster","188572961157305"
2001,"N000185","House","FL11","Richard","Nugent","R","reprichnugent","236479311","",NA,"",NA,"",NA,"RepRichNugent","183541871674897"
1838,"B001257","House","FL12","Gus","Bilirakis","R","repgusbilirakis","26051676","",NA,"",NA,"",NA,"GusBilirakis","135445766485586"
1255,"Y000031","House","FL13","C. W. Bill","Young","R","",NA,"",NA,"",NA,"",NA,"",NA
1839,"C001066","House","FL14","Kathy","Castor","D","usrepkcastor","1880674038","",NA,"",NA,"",NA,"",NA
2003,"R000593","House","FL15","Dennis","Ross","R","repdennisross","33655490","",NA,"",NA,"",NA,"dennis.ross.376","469477579757018"
1840,"B001260","House","FL16","Vern","Buchanan","R","vernbuchanan","20467163","",NA,"",NA,"",NA,"CongressmanBuchanan","67106719910"
1916,"R000583","House","FL17","Tom","Rooney","R","tomrooney","23970171","",NA,"",NA,"",NA,"",NA
2117,"M001191","House","FL18","Patrick","Murphy","D","repmurphyfl","1128781184","",NA,"patrickmurphyfl","261852987","",NA,"CongressmanPatrickMurphy","317735028342371"
2118,"R000596","House","FL19","Trey","Radel","R","treyradel","17198100","",NA,"",NA,"",NA,"",NA
2000,"S001186","House","FL2","Steve","Southerland","R","rep_southerland","237781383","",NA,"",NA,"",NA,"RepSteveSoutherland","156234611092438"
511,"H000324","House","FL20","Alcee","Hastings","D","",NA,"",NA,"",NA,"",NA,NA,"95696782238"
1976,"D000610","House","FL21","Ted","Deutch","D","repteddeutch","137794015","",NA,"",NA,"",NA,"CongressmanTedDeutch","112179098816942"
2119,"F000462","House","FL22","Lois","Frankel","D","reploisfrankel","1077121945","",NA,"",NA,"",NA,"RepLoisFrankel","138220153003017"
1777,"W000797","House","FL23","Debbie","Wasserman Schultz","D","dwstweets","115979444","",NA,"repdwstweets","1140648348","",NA,"RepDWS","88904724121"
2004,"W000808","House","FL24","Frederica","Wilson","D","repwilson","234014087","",NA,"",NA,"",NA,"RepWilson","162327487151626"
1717,"D000600","House","FL25","Mario","Diaz-Balart","R","mariodb","37094727","",NA,"",NA,"",NA,"mdiazbalart","119538428117878"
2120,"G000573","House","FL26","Joe","Garcia","D","joegarcia","11527072","",NA,"",NA,"",NA,"",NA
985,"R000435","House","FL27","Ileana","Ros-Lehtinen","R","roslehtinen","14275291","",NA,"",NA,"",NA,"iroslehtinen","286546974761109"
2115,"Y000065","House","FL3","Ted","Yoho","R","reptedyoho","1071900114","",NA,"tedyoho","274164368","",NA,"CongressmanTedYoho","563532937006022"
1643,"C001045","House","FL4","Ander","Crenshaw","R","andercrenshaw","20209807","",NA,"",NA,"",NA,NA,"200388204657"
132,"B000911","House","FL5","Corrine","Brown","D","repcorrinebrown","292935209","",NA,"",NA,"",NA,"congresswomanbrown","179120958813519"
2116,"D000621","House","FL6","Ron","DeSantis","R","repdesantis","1058807868","",NA,"rondesantisfl","487297085","",NA,"RepDeSantis","464253846966014"
800,"M000689","House","FL7","John","Mica","R","",NA,"micaforcongress","562965097","",NA,"",NA,"JohnMica","101251529419"
1915,"P000599","House","FL8","Bill","Posey","R","congbillposey","25086658","",NA,"",NA,"",NA,"bill.posey15","100000080395369"
1914,"G000556","House","FL9","Alan","Grayson","D","alangrayson","41017380","",NA,"",NA,"",NA,"",NA
188,"C000286","Senate","GA","Saxby","Chambliss","R","saxbychambliss","538185166","",NA,"",NA,"",NA,"SaxbyChambliss","224868417583720"
1608,"I000055","Senate","GA","Johnny","Isakson","R","senatorisakson","78403308","",NA,"",NA,"",NA,"",NA
636,"K000220","House","GA1","Jack","Kingston","R","jackkingston","36654245","",NA,"",NA,"",NA,"JackKingston","6914617307"
1882,"B001262","House","GA10","Paul","Broun","R","reppaulbrounmd","18811140","",NA,"",NA,"",NA,"RepPaulBroun","123908980957273"
1720,"G000550","House","GA11","Phil","Gingrey","R","repphilgingrey","32506723","",NA,"",NA,"",NA,"RepPhilGingrey","6934467868"
1780,"B001252","House","GA12","John","Barrow","D","repjohnbarrow","22812434","",NA,"",NA,"",NA,"CongressmanJohnBarrow","285483767395"
1722,"S001157","House","GA13","David","Scott","D","repdavidscott","168673083","",NA,"",NA,"",NA,"RepDavidScott","113303673339"
1979,"G000560","House","GA14","Tom","Graves","R","reptomgraves","190328374","",NA,"",NA,"",NA,"reptomgraves","104548906262119"
91,"B000490","House","GA2","Sanford","Bishop Jr.","D","sanfordbishop","249410485","",NA,"",NA,"",NA,"sanfordbishop","366739521606"
1779,"W000796","House","GA3","Lynn","Westmoreland","R","repwestmoreland","137407124","",NA,"",NA,"",NA,NA,"71389451419"
1843,"J000288","House","GA4","Hank","Johnson","D","rephankjohnson","24745957","",NA,"",NA,"",NA,NA,"115356957005"
688,"L000287","House","GA5","John","Lewis","D","repjohnlewis","29450962","",NA,"",NA,"",NA,"RepJohnLewis","82737208404"
1778,"P000591","House","GA6","Tom","Price","R","reptomprice","6577802","",NA,"",NA,"",NA,"reptomprice","172032960420"
2008,"W000810","House","GA7","Rob","Woodall","R","",NA,"",NA,"",NA,"",NA,"RepRobWoodall","172573036140374"
2009,"S001189","House","GA8","Austin","Scott","R","austinscottga08","234797704","",NA,"",NA,"",NA,"RepAustinScott","131177916946914"
2121,"C001093","House","GA9","Doug","Collins","R","repdougcollins","1060487274","",NA,"",NA,"",NA,"RepresentativeDougCollins","505646972800006"
1723,"B001245","House","GU79","Madeleine","Bordallo","D",NA,NA,NA,NA,NA,NA,NA,NA,"madeleine.bordallo","161729837225622"
1844,"H001042","Senate","HI","Mazie","Hirono","D","maziehirono","92186819","",NA,"",NA,"",NA,"",NA
2173,"S001194","Senate","HI","Brian","Schatz","D","senbrianschatz","1262099252","",NA,"brianschatz","47747074","",NA,"",NA
2010,"H001050","House","HI1","Colleen","Hanabusa","D","rephanabusa","235373000","",NA,"",NA,"",NA,NA,"169979129710178"
2122,"G000571","House","HI2","Tulsi","Gabbard","D","tulsipress","1064206014","",NA,"tulsigabbard","26637348","",NA,"RepTulsiGabbard","392284484191405"
457,"G000386","Senate","IA","Charles","Grassley","R","chuckgrassley","10615232","",NA,"",NA,"",NA,"grassley","106480645796"
501,"H000206","Senate","IA","Tom","Harkin","D","senatorharkin","115733549","",NA,"",NA,"",NA,"tomharkin","252422916567"
1845,"B001259","House","IA1","Bruce","Braley","D","brucebraley","29293808","",NA,"",NA,"",NA,"RepBruceBraley","178887452188843"
1846,"L000565","House","IA2","Dave","Loebsack","D","daveloebsack","510516465","",NA,"",NA,"",NA,"DaveLoebsack","291731316748"
666,"L000111","House","IA3","Tom","Latham","R","tomlatham","10102032","",NA,"",NA,"",NA,"tom.latham.733","345331988887412"
1724,"K000362","House","IA4","Steve","King","R","stevekingia","48117116","",NA,"",NA,"",NA,"SteveKingIA","134325379926458"
250,"C000880","Senate","ID","Michael","Crapo","R","mikecrapo","600463589","",NA,"",NA,"",NA,"mikecrapo","80335332266"
1896,"R000584","Senate","ID","Jim","Risch","R","senatorrisch","1096059529","",NA,"",NA,"",NA,"",NA
2011,"L000573","House","ID1","Raul","Labrador","R","raul_labrador","246341769","",NA,"",NA,"",NA,"raul.r.labrador","180970951936493"
1590,"S001148","House","ID2","Mike","Simpson","R","congmikesimpson","76132891","",NA,"",NA,"",NA,NA,"96007744606"
326,"D000563","Senate","IL","Richard","Durbin","D","senatordurbin","247334603","",NA,"",NA,"",NA,"SenatorDurbin","180436795325335"
1647,"K000360","Senate","IL","Mark","Kirk","R","senatorkirk","211588974","",NA,"",NA,"",NA,"SenatorKirk","116381528428230"
1003,"R000515","House","IL1","Bobby","Rush","D","repbobbyrush","305216911","",NA,"",NA,"",NA,"congressmanbobbyrush","230753786936538"
2124,"S001190","House","IL10","Brad","Schneider","D","repschneider","1071840474","schneider4il10","278005891","",NA,"",NA,"CongressmanBradSchneider","401029529980053"
1888,"F000454","House","IL11","Bill","Foster","D","repbillfoster","1080509366","",NA,"",NA,"",NA,"CongressmanBillFoster","102918290599"
2125,"E000292","House","IL12","Bill","Enyart","D","repbillenyart","1068470480","enyartforil12","618744616","",NA,"",NA,"CongressmanBillEnyart","527281100637880"
2126,"D000619","House","IL13","Rodney","Davis","R","rodneydavis","993153006","electrodneyil","586076955","",NA,"",NA,"RepRodneyDavis","323631667743052"
2015,"H001059","House","IL14","Randy","Hultgren","R","rephultgren","237814920","",NA,"",NA,"",NA,"RepHultgren","186221644739359"
1527,"S000364","House","IL15","John","Shimkus","R","repshimkus","15600527","",NA,"",NA,"",NA,"repshimkus","123916254317516"
2014,"K000378","House","IL16","Adam","Kinzinger","R","repkinzinger","219429281","",NA,"",NA,"",NA,"RepKinzinger","187811174579106"
2127,"B001286","House","IL17","Cheri","Bustos","D","repcheri","1092979962","",NA,"",NA,"",NA,"RepCheri","581909665168588"
1920,"S001179","House","IL18","Aaron","Schock","R","repaaronschock","20058197","",NA,"",NA,"",NA,"RepAaronSchock","70882853544"
2190,"K000385","House","IL2","Robin","Kelly","D","reprobinkelly","1339931490","robin42cd","38285038","",NA,"",NA,"",NA
1781,"L000563","House","IL3","Daniel","Lipinski","D","replipinski","1009269193","",NA,"",NA,"",NA,"repdanlipinski","103286879730089"
478,"G000535","House","IL4","Luis","Gutierrez","D","RepGutierrez","91052833204","",NA,"",NA,"",NA,"luisgutierrez","322013313"
1967,"Q000023","House","IL5","Mike","Quigley","D","repmikequigley","56864092","",NA,"",NA,"",NA,"repmikequigley","158963645688"
1848,"R000580","House","IL6","Peter","Roskam","R","peterroskam","20015903","",NA,"",NA,"",NA,"",NA
1477,"D000096","House","IL7","Danny","Davis","D","repdannydavis","789244177","dannykdavis","53941120","",NA,"",NA,"CongressmanDKDavis","280757931935749"
2123,"D000622","House","IL8","Tammy","Duckworth","D","repduckworth","1058520120","",NA,"",NA,"",NA,"CongresswomanTammyDuckworth","112300955610529"
1588,"S001145","House","IL9","Jan","Schakowsky","D","janschakowsky","24195214","",NA,"",NA,"",NA,"janschakowsky","160143957118"
209,"C000542","Senate","IN","Daniel","Coats","R","sendancoats","212262370","",NA,"",NA,"",NA,NA,"180671148633644"
1850,"D000607","Senate","IN","Joe","Donnelly","D","sendonnelly","216503958","",NA,"",NA,"",NA,"senatordonnelly","168059529893610"
1188,"V000108","House","IN1","Peter","Visclosky","D","repvisclosky","193872188","",NA,"",NA,"",NA,"repvisclosky","118723661514709"
2128,"W000813","House","IN2","Jackie","Walorski","R","repwalorski","1065995022","",NA,"jackiewalorski","14562874","",NA,"RepJackieWalorski","466876036704525"
1981,"S001188","House","IN3","Marlin","Stutzman","R","repstutzman","211901075","",NA,"",NA,"",NA,"CongressmanMarlinStutzman","109067049164902"
2017,"R000592","House","IN4","Todd","Rokita","R","toddrokita","17544524","",NA,"",NA,"",NA,"RepToddRokita","183180288372896"
2129,"B001284","House","IN5","Susan","Brooks","R","susanwbrooks","1074101017","",NA,"",NA,"",NA,"CongresswomanSusanWBrooks","517697358277175"
2130,"M001189","House","IN6","Luke","Messer","R","replukemesser","1045853744","luke_messer","23013996","",NA,"",NA,"RepLukeMesser","367444640018564"
1889,"C001072","House","IN7","André","Carson","D","repandrecarson","199325935","",NA,"",NA,"",NA,"CongressmanAndreCarson","123884330964019"
2018,"B001275","House","IN8","Larry","Bucshon","R","replarrybucshon","234812598","",NA,"",NA,"",NA,"RepLarryBucshon","135670516492974"
2019,"Y000064","House","IN9","Todd","Young","R","reptoddyoung","234128524","",NA,"",NA,"",NA,"RepToddYoung","186203844738421"
1507,"M000934","Senate","KS","Jerry","Moran","R","jerrymoran","18632666","",NA,"",NA,"",NA,"jerrymoran","171578807105"
968,"R000307","Senate","KS","Pat","Roberts","R","senpatroberts","75364211","",NA,"",NA,"",NA,"SenPatRoberts","205694792808927"
2020,"H001057","House","KS1","Tim","Huelskamp","R","conghuelskamp","233761277","",NA,"",NA,"",NA,"congressmanhuelskamp","165730996804553"
1921,"J000290","House","KS2","Lynn","Jenkins","R","replynnjenkins","19658173","",NA,"",NA,"",NA,"replynnjenkins","6974973662"
2021,"Y000063","House","KS3","Kevin","Yoder","R","repkevinyoder","252819642","",NA,"",NA,"",NA,"CongressmanKevinYoder","154026694650252"
2022,"P000602","House","KS4","Mike","Pompeo","R","repmikepompeo","244268646","",NA,"",NA,"",NA,"CongressmanPompeo","101965369880683"
1395,"M000355","Senate","KY","Mitch","McConnell","R","mcconnellpress","339822881","",NA,"",NA,"",NA,"mitchmcconnell","123994667639233"
2082,"P000603","Senate","KY","Rand","Paul","R","senrandpaul","216881337","",NA,"",NA,"",NA,"SenatorRandPaul","161355253917286"
1222,"W000413","House","KY1","Edward","Whitfield","R","repedwhitfield","234906311","",NA,"",NA,"",NA,"RepEdWhitfield","91115765425"
1922,"G000558","House","KY2","Brett","Guthrie","R","repguthrie","1908143071","",NA,"",NA,"",NA,"",NA
1853,"Y000062","House","KY3","John","Yarmuth","D","repjohnyarmuth","384913290","",NA,"",NA,"",NA,NA,"214258646163"
2094,"M001184","House","KY4","Thomas","Massie","R","repthomasmassie","975200486","",NA,"thomasmassieky","230973154","",NA,"",NA
977,"R000395","House","KY5","Harold","Rogers","R","rephalrogers","550401754","",NA,"",NA,"",NA,"CongressmanHalRogers","6722039085"
2131,"B001282","House","KY6","Andy","Barr","R","repandybarr","1089334250","barrforcongress","115186195","",NA,"",NA,"RepAndyBarr","457461137635018"
1609,"V000127","Senate","LA","David","Vitter","R","davidvitter","19028248","",NA,"",NA,"",NA,"",NA
1546,"L000550","Senate","LA","Mary","Landrieu","D","senlandrieu","413466731","",NA,"",NA,"",NA,"senatormarylandrieu","122518851125820"
1892,"S001176","House","LA1","Steve","Scalise","R","stevescalise","1209417007","",NA,"",NA,"",NA,"RepSteveScalise","50936151681"
2023,"R000588","House","LA2","Cedric","Richmond","D","reprichmond","267854863","",NA,"",NA,"",NA,"RepRichmond","197737020257085"
1787,"B001255","House","LA3","Charles","Boustany Jr.","R","repboustany","249339682","",NA,"",NA,"",NA,"RepBoustany","197407646951718"
1924,"F000456","House","LA4","John","Fleming","R","repfleming","84620376","",NA,"",NA,"",NA,"RepJohnFleming","372154186772"
0,"M001192","House","LA5","Vance","McAllister","R","vancemcallister","1725871159","",NA,"",NA,"",NA,"",NA
1727,"A000361","House","LA5","Rodney","Alexander","R",NA,NA,"",NA,"",NA,"",NA,"",NA
1925,"C001075","House","LA6","Bill","Cassidy","R","billcassidy","55677432","",NA,"",NA,"",NA,"",NA
735,"M000133","Senate","MA","Edward","Markey","D","markeymemo","21406834","",NA,"",NA,"",NA,"EdJMarkey","6846731378"
2189,"C001099","Senate","MA","William","Cowan","D","senmocowan","1151590614","",NA,"",NA,"",NA,"",NA
2182,"W000817","Senate","MA","Elizabeth","Warren","D","senwarren","970207298","",NA,"",NA,"",NA,"senatorelizabethwarren","131559043673264"
1379,"K000148","Senate","MA","John","Kerry","D",NA,NA,NA,NA,NA,NA,NA,NA,"",NA
854,"N000015","House","MA1","Richard","Neal","D","reprichardneal","442824717","",NA,"",NA,"",NA,NA,"325642654132598"
1504,"M000312","House","MA2","Jim","McGovern","D","repmcgovern","242426145","",NA,"",NA,"",NA,"",NA
1884,"T000465","House","MA3","Niki","Tsongas","D","nikiinthehouse","242892689","",NA,"",NA,"",NA,"RepTsongas","131079823624873"
2172,"K000379","House","MA4","Joseph","Kennedy III","D","repjoekennedy","1055907624","",NA,"",NA,"",NA,NA,"301936109927957"
735,"M000133","House","MA5","Edward","Markey","D",NA,NA,NA,NA,NA,NA,NA,NA,"EdJMarkey","6846731378"
1535,"T000266","House","MA6","John","Tierney","D","reptierney","384392601","",NA,"",NA,"",NA,"CongressmanJohnTierney","203760666318846"
1564,"C001037","House","MA7","Michael","Capuano","D","",NA,"mikecapuano","75785294","",NA,"",NA,"RepMichaelCapuano","151168844937573"
1686,"L000562","House","MA8","Stephen","Lynch","D","repstephenlynch","310310133","",NA,"",NA,"",NA,"repstephenlynch","133720816696865"
2025,"K000375","House","MA9","Bill","Keating","D","usrepkeating","232992031","",NA,"",NA,"",NA,"Congressman.Keating","183092598372008"
174,"C000141","Senate","MD","Benjamin","Cardin","D","senatorcardin","109071031","",NA,"",NA,"",NA,"senatorbencardin","120421834675191"
802,"M000702","Senate","MD","Barbara","Mikulski","D","senatorbarb","132278386","",NA,"",NA,"",NA,"SenatorMikulski","142890125771427"
2026,"H001052","House","MD1","Andy","Harris","R","repandyharrismd","960962340","",NA,"",NA,"",NA,"AndyHarrisMD","508912729153334"
1728,"R000576","House","MD2","C.A. Dutch","Ruppersberger","D","call_me_dutch","305620929","",NA,"",NA,"",NA,"DutchRupp","184756771570504"
1854,"S001168","House","MD3","John","Sarbanes","D","repjohnsarbanes","364415553","",NA,"johnsarbanes","259364314","",NA,"",NA
1894,"E000290","House","MD4","Donna","Edwards","D","repdonnaedwards","82649553","",NA,"",NA,"",NA,"CongresswomanDonnaFEdwards","107297211756"
566,"H000874","House","MD5","Steny","Hoyer","D","whiphoyer","22012091","",NA,"",NA,"",NA,"WhipHoyer","282861997886"
2133,"D000620","House","MD6","John","Delaney","D","repjohndelaney","937723303","",NA,"",NA,"",NA,"congressmanjohndelaney","324527257655694"
256,"C000984","House","MD7","Elijah","Cummings","D","repcummings","787373558","",NA,"",NA,"",NA,"elijahcummings","291368465380"
1729,"V000128","House","MD8","Chris","Van Hollen","D","chrisvanhollen","18137749","",NA,"",NA,"",NA,"chrisvanhollen","109304033877"
1541,"C001035","Senate","ME","Susan","Collins","R","senatorcollins","19726613","",NA,"",NA,"",NA,"susancollins","7593313361"
2185,"K000383","Senate","ME","Angus","King","I","senangusking","1068481578","",NA,"",NA,"",NA,"SenatorAngusSKingJr","142803045874943"
1927,"P000597","House","ME1","Chellie","Pingree","D","chelliepingree","14984637","",NA,"",NA,"",NA,"ChelliePingree","91529332807"
1730,"M001149","House","ME2","Michael","Michaud","D","repmikemichaud","19918558","",NA,"",NA,"",NA,"RepMikeMichaud","131279995382"
1531,"S000770","Senate","MI","Debbie","Stabenow","D","stabenowpress","76456274","",NA,"",NA,"",NA,"",NA
1384,"L000261","Senate","MI","Carl","Levin","D","sencarllevin","93761782","",NA,"",NA,"",NA,"carllevin","7481814545"
2027,"B001271","House","MI1","Dan","Benishek","R","congressmandan","242761889","",NA,"",NA,"",NA,"CongressmanDan","124163654317596"
1731,"M001150","House","MI10","Candice","Miller","R","candicemiller","15281676","",NA,"",NA,"",NA,"CongresswomanCandiceMiller","210401648605"
2135,"B001280","House","MI11","Kerry","Bentivolio","R","repkerryb","966442267","",NA,"",NA,"",NA,"repkerryb","316865541750741"
299,"D000355","House","MI12","John","Dingell","D","john_dingell","109025212","",NA,"",NA,"",NA,"johndingell","87490183861"
229,"C000714","House","MI13","John","Conyers Jr.","D","repjohnconyers","138770045","",NA,"",NA,"",NA,"CongressmanConyers","206947066849"
1929,"P000595","House","MI14","Gary","Peters","D","repgarypeters","236511574","",NA,"",NA,"",NA,"RepGaryPeters","88851604323"
2028,"H001058","House","MI2","Bill","Huizenga","R","rephuizenga","233949261","",NA,"",NA,"",NA,"rephuizenga","145764842143763"
2029,"A000367","House","MI3","Justin","Amash","R","repjustinamash","233842454","",NA,"",NA,"",NA,"repjustinamash","173604349345646"
166,"C000071","House","MI4","Dave","Camp","R","repdavecamp","28176898","",NA,"",NA,"",NA,"repdavecamp","6775033524"
2134,"K000380","House","MI5","Dan","Kildee","D","repdankildee","1045110018","",NA,"dankildee","18674498","",NA,"RepDanKildee","484166588292670"
1177,"U000031","House","MI6","Fred","Upton","R","repfredupton","124224165","",NA,"",NA,"",NA,"RepFredUpton","212027388827797"
1855,"W000798","House","MI7","Tim","Walberg","R","repwalberg","237862972","",NA,"",NA,"",NA,"RepWalberg","187654104587692"
1651,"R000572","House","MI8","Mike","Rogers","R","repmikerogers","156703580","",NA,"",NA,"",NA,NA,"168209963203416"
683,"L000263","House","MI9","Sander","Levin","D","repsandylevin","25781141","",NA,"",NA,"",NA,"RepSandyLevin","223726364320243"
1969,"F000457","Senate","MN","Al","Franken","D","alfranken","7334402","",NA,"",NA,"",NA,"",NA
1826,"K000367","Senate","MN","Amy","Klobuchar","D","amyklobuchar","33537967","",NA,"",NA,"",NA,"",NA
1856,"W000799","House","MN1","Tim","Walz","D","reptimwalz","1262814457","tim_walz","85726335","",NA,"",NA,"",NA
1733,"K000363","House","MN2","John","Kline","R","repjohnkline","76350004","",NA,"",NA,"",NA,"",NA
1930,"P000594","House","MN3","Erik","Paulsen","R","reperikpaulsen","17513304","",NA,"",NA,"",NA,"CongressmanErikPaulsen","128558293848160"
1653,"M001143","House","MN4","Betty","McCollum","D","bettymccollum04","516880804","",NA,"",NA,"",NA,"repbettymccollum","153386471383393"
1857,"E000288","House","MN5","Keith","Ellison","D","keithellison","14135426","",NA,"",NA,"",NA,"Keith.Ellison","7997462059"
1858,"B001256","House","MN6","Michele","Bachmann","R","michelebachmann","18217624","",NA,"",NA,"",NA,"RepMicheleBachmann","7658849357"
910,"P000258","House","MN7","Collin","Peterson","D","",NA,"",NA,"",NA,"",NA,"",NA
867,"N000127","House","MN8","Rick","Nolan","D","usrepricknolan","1055685948","",NA,"",NA,"",NA,"UsRepRickNolan","388085277945339"
1464,"B000575","Senate","MO","Roy","Blunt","R","royblunt","21269970","",NA,"",NA,"",NA,"SenatorBlunt","142473042477322"
1820,"M001170","Senate","MO","Claire","McCaskill","D","mccaskilloffice","57065141","",NA,"clairecmc","16160352","",NA,"senatormccaskill","131498087618"
1654,"C001049","House","MO1","William","Clay","D","",NA,"lacyclaymo1","584912320","",NA,"",NA,NA,"109135405838588"
2137,"W000812","House","MO2","Ann","Wagner","R","repannwagner","1051446626","",NA,"",NA,"",NA,"RepAnnWagner","215485388588143"
1931,"L000569","House","MO3","Blaine","Luetkemeyer","R","",NA,"",NA,"",NA,"repblainepress","1849261916","BlaineLuetkemeyer","1358702716"
2032,"H001053","House","MO4","Vicky","Hartzler","R","rephartzler","237763317","",NA,"",NA,"",NA,"Congresswoman.Hartzler","183580061667324"
1790,"C001061","House","MO5","Emanuel","Cleaver II","D","repcleaver","163570705","",NA,"",NA,"",NA,"emanuelcleaverii","7954512692"
1656,"G000546","House","MO6","Sam","Graves","R","",NA,"",NA,"",NA,"",NA,NA,"118514606128"
2033,"L000576","House","MO7","Billy","Long","R","auctnr1","21572351","",NA,"",NA,"",NA,"Rep.Billy.Long","139631049438354"
1481,"E000172","House","MO8","Jo Ann","Emerson","R","joannemerson","83603750","",NA,"",NA,"",NA,"",NA
2191,"S001195","House","MO8","Jason","Smith","R","repjasonsmith","1623308912","",NA,"",NA,"",NA,"",NA
1962,"S001177","House","MP79","Gregorio &#x27;Kilili&#x27;","Sablan","I",NA,NA,NA,NA,NA,NA,NA,NA,NA,"153423912663"
213,"C000567","Senate","MS","Thad","Cochran","R","senthadcochran","555474658","",NA,"",NA,"",NA,"",NA
1226,"W000437","Senate","MS","Roger","Wicker","R","senatorwicker","264219447","",NA,"",NA,"",NA,"SenatorWicker","158401580882385"
2034,"N000186","House","MS1","Alan","Nunnelee","R","repalannunnelee","240376522","",NA,"",NA,"",NA,"CongressmanNunnelee","144919278895639"
1151,"T000193","House","MS2","Bennie","Thompson","D","benniegthompson","82453460","",NA,"",NA,"",NA,NA,"7259193379"
1933,"H001045","House","MS3","Gregg","Harper","R","greggharper","23712174","",NA,"",NA,"",NA,"GreggHarper","48248435938"
2035,"P000601","House","MS4","Steven","Palazzo","R","congpalazzo","299883942","",NA,"",NA,"",NA,"stevenpalazzo","186908658003781"
2138,"D000618","House","MT","Steve","Daines","R","stevedaines","11651202","dainesforhouse",NA,"",NA,"",NA,"SteveDainesMT","185361254941832"
66,"B000243","Senate","MT","Max","Baucus","D","maxbaucus","346637907","",NA,"maxedbaucus","330839694","",NA,"",NA
1829,"T000464","Senate","MT","Jon","Tester","D","",NA,"jontester","16473577","",NA,"testerpress","515822213","senatortester","210573031664"
153,"B001135","Senate","NC","Richard","Burr","R","senatorburr","21157904","",NA,"",NA,"",NA,"SenatorRichardBurr","132653626787856"
1902,"H001049","Senate","NC","Kay","Hagan","D","senatorhagan","74171837","",NA,"",NA,"",NA,"SenatorHagan","7871449189"
1761,"B001251","House","NC1","G.","Butterfield","D","gkbutterfield","432676344","",NA,"",NA,"",NA,"congressmangkbutterfield","274687979233940"
1792,"M001156","House","NC10","Patrick","McHenry","R","patrickmchenry","27676828","",NA,"",NA,"",NA,"CongressmanMcHenry","8045519803"
2142,"M001187","House","NC11","Mark","Meadows","R","repmarkmeadows","963480595","",NA,"",NA,"",NA,"Repmarkmeadows","409882952423501"
1207,"W000207","House","NC12","Melvin","Watt","D","melwattnc12","257169015","",NA,"",NA,"",NA,"CongressmanMelWatt","191136754250537"
2143,"H001065","House","NC13","George","Holding","R","repholding","1058460818","",NA,"",NA,"",NA,"CongressmanGeorgeHolding","384164668340890"
2036,"E000291","House","NC2","Renee","Ellmers","R","repreneeellmers","213634439","",NA,"",NA,"",NA,"reneeellmers","167641493275000"
612,"J000255","House","NC3","Walter","Jones","R","repwalterjones","26778110","",NA,"",NA,"",NA,NA,"15083070102"
930,"P000523","House","NC4","David","Price","D","repdavideprice","155669457","",NA,"",NA,"",NA,"",NA
1791,"F000450","House","NC5","Virginia","Foxx","R","virginiafoxx","16256269","",NA,"",NA,"",NA,"RepVirginiaFoxx","131326196940421"
211,"C000556","House","NC6","Howard","Coble","R","howardcoble","314335929","",NA,"",NA,"",NA,"HowardCoble6","208742429162356"
1505,"M000485","House","NC7","Mike","McIntyre","D","repmikemcintyre","217547360","",NA,"",NA,"",NA,"mikemcintyre","340903514856"
2140,"H001067","House","NC8","Richard","Hudson","R","reprichhudson","935033864","",NA,"richhudson","16874915","",NA,"RepRichHudson","212153802255530"
2141,"P000606","House","NC9","Robert","Pittenger","R","reppittenger","950328072","robertpittenger","497094511","",NA,"",NA,"congressmanpittenger","376142742468386"
2079,"H001061","Senate","ND","John","Hoeven","R","senjohnhoeven","382791093","",NA,"",NA,"",NA,"SenatorJohnHoeven","194483057244478"
2144,"C001096","House","ND","Kevin","Cramer","R","repkevincramer","1048784496","kevincramer","28267055","",NA,"",NA,"CongressmanKevinCramer","498751820147706"
2174,"H001069","Senate","ND","Heidi","Heitkamp","D","senatorheitkamp","1061029050","",NA,"",NA,"",NA,"SenatorHeidiHeitkamp","501810613175643"
1899,"J000291","Senate","NE","Mike","Johanns","R","mike_johanns","194720228","",NA,"",NA,"",NA,"MikeJohanns","399357233834"
2179,"F000463","Senate","NE","Deb","Fischer","R","senatorfischer","1071402577","",NA,"",NA,"",NA,"senatordebfischer","531623656856934"
1793,"F000449","House","NE1","Jeff","Fortenberry","R","jefffortenberry","18805303","",NA,"",NA,"",NA,"jefffortenberry","48426842354"
1566,"T000459","House","NE2","Lee","Terry","R","leeterryne","18317325","",NA,"",NA,"",NA,"leeterry","393886975960"
1860,"S001172","House","NE3","Adrian","Smith","R","repadriansmith","296245061","",NA,"",NA,"",NA,"",NA
2075,"A000368","Senate","NH","Kelly","Ayotte","R","kellyayotte","229592356","",NA,"",NA,"",NA,"kellyayottenh","123436097729198"
1901,"S001181","Senate","NH","Jeanne","Shaheen","D","senatorshaheen","109287731","",NA,"",NA,"",NA,"SenatorShaheen","127503767282103"
1861,"S001170","House","NH1","Carol","Shea-Porter","D","repsheaporter","126171100","",NA,"teamsheaporter","154139987","",NA,"RepSheaPorter","422460677824474"
2145,"K000382","House","NH2","Ann","Kuster","D","repanniekuster","1058717720","",NA,"",NA,"",NA,"CongresswomanAnnieKuster","115543081952049"
2194,"B001288","Senate","NJ","Cory","Booker","D","corybooker","15808765","",NA,"",NA,"",NA,"",NA
1381,"L000123","Senate","NJ","Frank","Lautenberg","D","franklautenberg","135297032","",NA,"",NA,"",NA,"franklautenberg","121816241167991"
791,"M000639","Senate","NJ","Robert","Menendez","D","senatormenendez","18695134","",NA,"",NA,"",NA,"senatormenendez","349744811357"
2192,"C001100","Senate","NJ","Jeffrey","Chiesa","R","",NA,"",NA,"",NA,"chiesanews","1550836628","",NA
21,"A000210","House","NJ1","Robert","Andrews","D","repandrews","272491182","",NA,"",NA,"",NA,"",NA
2097,"P000604","House","NJ10","Donald","Payne Jr.","D","repdonaldpayne","1155335864","donaldpaynejr","571909015","",NA,"",NA,"DonaldPayneJr","360976767343741"
414,"F000372","House","NJ11","Rodney","Frelinghuysen","R","usreprodney","1382011333","rodneyfornj","123890984","",NA,"",NA,"",NA
1580,"H001032","House","NJ12","Rush","Holt","D","rushholt","111379452","",NA,"",NA,"",NA,"",NA
699,"L000554","House","NJ2","Frank","LoBiondo","R","replobiondo","241207373","",NA,"",NA,"",NA,"FrankLoBiondo","94590050881"
2039,"R000594","House","NJ3","Jon","Runyan","R","repjonrunyan","309267226","",NA,"",NA,"",NA,"CongressmanJonRunyan","177208315676754"
1071,"S000522","House","NJ4","Christopher","Smith","R","",NA,"",NA,"",NA,"",NA,"",NA
1737,"G000548","House","NJ5","Scott","Garrett","R","repgarrett","960696949","",NA,"",NA,"",NA,"repscottgarrett","6756553401"
887,"P000034","House","NJ6","Frank","Pallone","D","frankpallone","31801993","",NA,"",NA,"",NA,"RepFrankPallone","6517277731"
1936,"L000567","House","NJ7","Leonard","Lance","R","replancenj7","613725908","",NA,"",NA,"",NA,"CongressmanLance","100830109970339"
1818,"S001165","House","NJ8","Albio","Sires","D","repsires","18696134","",NA,"albiosiresnj","544553624","",NA,NA,"81058818750"
1510,"P000096","House","NJ9","Bill","Pascrell Jr.","D","billpascrell","74508260","",NA,"",NA,"",NA,"pascrell","303312929155"
1937,"H001046","Senate","NM","Martin","Heinrich","D","martinheinrich","1099199839","",NA,"",NA,"",NA,"MartinHeinrich","137523189213"
1567,"U000039","Senate","NM","Tom","Udall","D","senatortomudall","60828944","",NA,"",NA,"",NA,"senatortomudall","106433512869"
2146,"L000580","House","NM1","Michelle","Lujan Grisham","D","replujangrisham","1061385474","michelle4nm","368472546","",NA,"",NA,"RepLujanGrisham","191640657646128"
1738,"P000588","House","NM2","Steve","Pearce","R","repstevepearce","235271965","",NA,"",NA,"",NA,"RepStevePearce","180280568662135"
1939,"L000570","House","NM3","Ben","Lujan","D","repbenraylujan","19318314","",NA,"",NA,"",NA,"RepBenRayLujan","112962521120"
952,"R000146","Senate","NV","Harry","Reid","D","senatorreid","16789970","",NA,"",NA,"",NA,"SenatorReid","360249323990357"
1863,"H001041","Senate","NV","Dean","Heller","R","sendeanheller","266133081","",NA,"",NA,"",NA,"SenDeanHeller","325751330177"
1940,"T000468","House","NV1","Dina","Titus","D","repdinatitus","122174004","",NA,"",NA,"",NA,"CongresswomanTitus","120660834778561"
2090,"A000369","House","NV2","Mark","Amodei","R","markamodeinv2","402719755","",NA,"",NA,"",NA,"MarkAmodeiNV2","307227745970624"
2040,"H001055","House","NV3","Joe","Heck","R","repjoeheck","222286905","",NA,"",NA,"",NA,"RepJoeHeck","155211751194624"
2147,"H001066","House","NV4","Steven","Horsford","D","rephorsford","389840566","",NA,"",NA,"",NA,"RepHorsford","321461017954658"
1036,"S000148","Senate","NY","Charles","Schumer","D","chuckschumer","1872999342","",NA,"",NA,"",NA,"chuckschumer","15771239406"
1866,"G000555","Senate","NY","Kirsten","Gillibrand","D","sengillibrand","72198806","",NA,"",NA,"",NA,"",NA
1740,"B001242","House","NY1","Timothy","Bishop","D","timbishopny","153919023","",NA,"",NA,"",NA,"RepTimBishop","7940339401"
850,"N000002","House","NY10","Jerrold","Nadler","D","repjerrynadler","40302336","",NA,"",NA,"",NA,"CongressmanNadler","78291598977"
2041,"G000569","House","NY11","Mike","Grimm","R","repmichaelgrimm","235239775","",NA,"",NA,"",NA,"",NA
729,"M000087","House","NY12","Carolyn","Maloney","D","repmaloney","258900199","",NA,"",NA,"",NA,"",NA
944,"R000053","House","NY13","Charles","Rangel","D","cbrangel","21312077","",NA,"",NA,"",NA,"CBRangel","7390589055"
1604,"C001038","House","NY14","Joseph","Crowley","D","repjoecrowley","111635980","",NA,"",NA,"",NA,"repjoecrowley","176197712425090"
1042,"S000248","House","NY15","José","Serrano","D","repjoseserrano","33563161","",NA,"",NA,"",NA,"RepJoseSerrano","273446508512"
344,"E000179","House","NY16","Eliot","Engel","D","repeliotengel","164007407","",NA,"",NA,"",NA,"RepEliotLEngel","103355984852"
709,"L000480","House","NY17","Nita","Lowey","D","nitalowey","221792092","",NA,"",NA,"",NA,"RepLowey","158290607551599"
2150,"M001185","House","NY18","Sean","Maloney","D","repseanmaloney","1072467470","",NA,"spmaloney","26283468","",NA,"repseanmaloney","551199354892891"
2043,"G000564","House","NY19","Chris","Gibson","R","repchrisgibson","234937222","",NA,"",NA,"",NA,"RepChrisGibson","190238567659779"
635,"K000210","House","NY2","Peter","King","R","reppeteking","18277655","",NA,"",NA,"",NA,"",NA
1942,"T000469","House","NY20","Paul","Tonko","D","paultonko","84119348","",NA,"",NA,"",NA,"paul.tonko","30671144824"
1974,"O000169","House","NY21","Bill","Owens","D","billowensny","227088228","",NA,"",NA,"",NA,"repbillowens","132985523396856"
2044,"H001051","House","NY22","Richard","Hanna","R","reprichardhanna","236899846","",NA,"",NA,"",NA,"reprichardhanna","172284859480630"
1982,"R000585","House","NY23","Tom","Reed","R","reptomreed","252819323","",NA,"",NA,"",NA,"RepTomReed","102449199835273"
1943,"M001171","House","NY24","Dan","Maffei","D","repdanmaffei","1057859527","",NA,"danmaffeiny","319628378","",NA,"repmaffei","470842942980263"
1069,"S000480","House","NY25","Louise","Slaughter","D","louiseslaughter","63169388","",NA,"",NA,"",NA,"RepLouiseSlaughter","82424647700"
1794,"H001038","House","NY26","Brian","Higgins","D","repbrianhiggins","33576489","",NA,"",NA,"",NA,"RepBrianHiggins","88144056440"
2151,"C001092","House","NY27","Chris","Collins","R","repchriscollins","1058256326","collinsny27","557794383","",NA,"",NA,"RepChrisCollins","467047586692268"
1663,"I000057","House","NY3","Steve","Israel","D","repsteveisrael","20002401","",NA,"",NA,"",NA,"RepSteveIsrael","110262982315"
1503,"M000309","House","NY4","Carolyn","McCarthy","D","repmccarthyny","150724371","",NA,"carolynmccarthy","270067927","",NA,"",NA
1506,"M001137","House","NY5","Gregory","Meeks","D","gregorymeeks","22812754","",NA,"",NA,"",NA,"gregorymeeksny05","617982881546611"
2148,"M001188","House","NY6","Grace","Meng","D","repgracemeng","1051127714","",NA,"",NA,"",NA,"repgracemeng","195734010571362"
1184,"V000081","House","NY7","Nydia","Velazquez","D","nydiavelazquez","164369297","",NA,"",NA,"",NA,"",NA
2149,"J000294","House","NY8","Hakeem","Jeffries","D","repjeffries","467823431","",NA,"",NA,"",NA,"RepHakeemJeffries","118349138343701"
1864,"C001067","House","NY9","Yvette","Clarke","D","yvetteclarke","240812994","",NA,"",NA,"",NA,"repyvettedclarke","135031389892682"
136,"B000944","Senate","OH","Sherrod","Brown","D","sensherrodbrown","43910797","",NA,"",NA,"",NA,"",NA
924,"P000449","Senate","OH","Rob","Portman","R","robportman","18915145","",NA,"",NA,"",NA,"senrobportman","45243961073"
186,"C000266","House","OH1","Steven","Chabot","R","repstevechabot","237750442","",NA,"",NA,"",NA,"RepSteveChabot","204705339555378"
1741,"T000463","House","OH10","Michael","Turner","R","repmiketurner","51228911","",NA,"",NA,"",NA,"RepMikeTurner","9275036647"
1895,"F000455","House","OH11","Marcia","Fudge","D","repmarciafudge","153486399","",NA,"",NA,"",NA,"RepMarciaLFudge","279006440801"
1664,"T000462","House","OH12","Pat","Tiberi","R","",NA,"teamtiberi","114749081","",NA,"tiberipress","912608010","RepPatTiberi","90452932937"
1756,"R000577","House","OH13","Tim","Ryan","D","reptimryan","13491312","",NA,"",NA,"",NA,"timryan","121560497865"
2154,"J000295","House","OH14","Dave","Joyce","R","repdavejoyce","976969338","davejoyceoh14","727242919","",NA,"",NA,"RepDaveJoyce","404318572981934"
2047,"S001187","House","OH15","Steve","Stivers","R","repstevestivers","211420609","",NA,"",NA,"",NA,NA,"116058275133542"
2048,"R000586","House","OH16","Jim","Renacci","R","repjimrenacci","236916916","",NA,"",NA,"",NA,"repjimrenacci","187639524595278"
2152,"W000815","House","OH2","Brad","Wenstrup","R","repbradwenstrup","518644221","bradwenstrup","313719282","",NA,"",NA,"RepBradWenstrup","124462944390458"
2153,"B001281","House","OH3","Joyce","Beatty","D","joycebeatty","582070020","",NA,"",NA,"",NA,"",NA
1868,"J000289","House","OH4","Jim","Jordan","R","jim_jordan","18166778","",NA,"",NA,"",NA,"repjimjordan","35499336459"
1885,"L000566","House","OH5","Robert","Latta","R","boblatta","15394954","",NA,"",NA,"",NA,"boblatta","100000004848334"
2046,"J000292","House","OH6","Bill","Johnson","R","repbilljohnson","211530910","",NA,"",NA,"",NA,"RepBillJohnson","170477096312258"
2049,"G000563","House","OH7","Bob","Gibbs","R","repbobgibbs","234822928","",NA,"",NA,"",NA,"RepBobGibbs","191159267565100"
102,"B000589","House","OH8","John","Boehner","R","speakerboehner","7713202","",NA,"",NA,"",NA,"",NA
616,"K000009","House","OH9","Marcy","Kaptur","D","repmarcykaptur","581141508","",NA,"",NA,"",NA,"RepresentativeMarcyKaptur","173753129419169"
212,"C000560","Senate","OK","Tom","Coburn","R","tomcoburn","18216752","",NA,"",NA,"",NA,"",NA
583,"I000024","Senate","OK","James","Inhofe","R","",NA,"jiminhofe","7270292","",NA,"inhofepress","20546536","jiminhofe","55018309421"
2155,"B001283","House","OK1","Jim","Bridenstine","R","repjbridenstine","1092757885","",NA,"",NA,"",NA,"CongressmanJimBridenstine","460003650715961"
2156,"M001190","House","OK2","Markwayne","Mullin","R","repmullin","1060370282","markwaynemullin","366304362","",NA,"",NA,"CongressmanMarkwayneMullin","453637624684399"
711,"L000491","House","OK3","Frank","Lucas","R","frankdlucas","389017497","",NA,"",NA,"",NA,NA,"7872057395"
1742,"C001053","House","OK4","Tom","Cole","R","tomcoleok04","23124635","",NA,"",NA,"",NA,"TomColeOK04","146497782066300"
2050,"L000575","House","OK5","James","Lankford","R","replankford","225921757","",NA,"",NA,"",NA,"RepLankford","130873066975024"
1247,"W000779","Senate","OR","Ron","Wyden","D","ronwyden","250188760","",NA,"",NA,"",NA,"",NA
1900,"M001176","Senate","OR","Jeff","Merkley","D","senjeffmerkley","29201047","",NA,"",NA,"",NA,"jeffmerkley","74374931545"
2092,"B001278","House","OR1","Suzanne","Bonamici","D","repbonamici","558769636","",NA,"",NA,"",NA,"CongresswomanBonamici","252633384817156"
1596,"W000791","House","OR2","Greg","Walden","R","repgregwalden","32010840","",NA,"",NA,"",NA,"repgregwalden","313301365382225"
99,"B000574","House","OR3","Earl","Blumenauer","D","blumenauermedia","137823987","",NA,"repblumenauer","15954997","",NA,"",NA
279,"D000191","House","OR4","Peter","DeFazio","D","reppeterdefazio","252249233","",NA,"",NA,"",NA,"RepPeterDeFazio","94324364811"
1950,"S001180","House","OR5","Kurt","Schrader","D","repschrader","20545793","",NA,"",NA,"",NA,"repschrader","94978896695"
2085,"T000461","Senate","PA","Patrick","Toomey","R","sentoomey","221162525","",NA,"",NA,"",NA,"senatortoomey","189274047751251"
1828,"C001070","Senate","PA","Bob","Casey","D","senbobcasey","171598736","bob_casey","94154021","",NA,"",NA,"SenatorBobCasey","107749545944874"
1469,"B001227","House","PA1","Robert","Brady","D","repbrady","148453195","",NA,"",NA,"",NA,"RepRobertBrady","118845109487"
2053,"M001179","House","PA10","Tom","Marino","R","reptommarino","240363117","",NA,"",NA,"",NA,"CongressmanMarino","144408762280226"
2054,"B001269","House","PA11","Lou","Barletta","R","reploubarletta","239871673","",NA,"",NA,"",NA,"CongressmanLouBarletta","192357174108435"
2158,"R000598","House","PA12","Keith","Rothfus","R","keithrothfus","1155212191","",NA,"krpa12","86936187","",NA,"keithrothfus","133803223451004"
1798,"S001162","House","PA13","Allyson","Schwartz","D","",NA,"schwartzallyson","1335517206","",NA,"",NA,"RepAllysonSchwartz","244000962363116"
316,"D000482","House","PA14","Mike","Doyle","D","usrepmikedoyle","39249305","",NA,"",NA,"",NA,"usrepmikedoyle","79663724861"
1799,"D000604","House","PA15","Charlie","Dent","R","",NA,"dentforcongress","132204008","",NA,"dentpressshop","242376736","congressmandent","69862092533"
1514,"P000373","House","PA16","Joe","Pitts","R","repjoepitts","198526130","",NA,"",NA,"",NA,NA,"94156528752"
2159,"C001090","House","PA17","Matt","Cartwright","D","repcartwright","776664410","cartwrightpa","472315803","",NA,"",NA,"CongressmanMattCartwright","248507065275406"
1744,"M001151","House","PA18","Tim","Murphy","R","reptimmurphy","117777832","",NA,"",NA,"",NA,"reptimmurphy","105769762798552"
371,"F000043","House","PA2","Chaka","Fattah","D","chakafattah","48086014","",NA,"",NA,"",NA,"repfattah","165961823475034"
2051,"K000376","House","PA3","Mike","Kelly","R","mikekellypa","935368364","",NA,"",NA,"",NA,NA,"191056827594903"
2157,"P000605","House","PA4","Scott","Perry","R","repscottperry","18773159","",NA,"",NA,"",NA,"repscottperry","376801102416184"
1952,"T000467","House","PA5","Glenn","Thompson","R","congressmangt","18967498","",NA,"",NA,"",NA,"CongressmanGT","14463006747"
1743,"G000549","House","PA6","Jim","Gerlach","R","jimgerlach","40954486","",NA,"",NA,"",NA,"repjimgerlach","123113211050305"
2052,"M001181","House","PA7","Pat","Meehan","R","repmeehan","248850174","",NA,"",NA,"",NA,"CongressmanPatrickMeehan","136000283132824"
1797,"F000451","House","PA8","Michael","Fitzpatrick","R","repfitzpatrick","237944147","",NA,"",NA,"",NA,"RepFitzpatrick","132077153521454"
1681,"S001154","House","PA9","Bill","Shuster","R","repbillshuster","22527499","",NA,"",NA,"",NA,"Rep.Shuster","54386677806"
1953,"P000596","House","PR80","Pedro","Pierluisi","D",NA,NA,NA,NA,NA,NA,NA,NA,"",NA
949,"R000122","Senate","RI","Jack","Reed","D","senjackreed","486694111","",NA,"",NA,"",NA,"SenJackReed","213866375370646"
1823,"W000802","Senate","RI","Sheldon","Whitehouse","D","senwhitehouse","242555999","",NA,"",NA,"",NA,"SenatorWhitehouse","194172833926853"
2055,"C001084","House","RI1","David","Cicilline","D","repcicilline","462143773","",NA,"davidcicilline","23593446","",NA,"CongressmanDavidCicilline","186949061341027"
1668,"L000559","House","RI2","Jim","Langevin","D","jimlangevin","18909919","",NA,"",NA,"",NA,"CongressmanJimLangevin","6578978441"
452,"G000359","Senate","SC","Lindsey","Graham","R","grahamblog","14845376","lindseygrahamsc","432895323","",NA,"",NA,"USSenatorLindseyGraham","257937783228"
2056,"S001184","Senate","SC","Tim","Scott","R","senatortimscott","217543151","",NA,"",NA,"",NA,"SenatorTimScott","163207553711385"
1012,"S000051","House","SC1","Mark","Sanford","R","repsanfordsc","1499993378","",NA,"",NA,"",NA,"RepSanfordSC","118387985037658"
1688,"W000795","House","SC2","Joe","Wilson","R",NA,NA,"",NA,"",NA,"",NA,"JoeWilson","70150469414"
2057,"D000615","House","SC3","Jeffrey","Duncan","R","repjeffduncan","240393970","",NA,"",NA,"",NA,"RepJeffDuncan","187268144624279"
2058,"G000566","House","SC4","Trey","Gowdy","R","tgowdysc","237348797","",NA,"",NA,"",NA,"RepTreyGowdy","143059759084016"
2059,"M001182","House","SC5","Mick","Mulvaney","R","repmickmulvaney","240385577","",NA,"",NA,"",NA,"MulvaneySC5","188649667827713"
208,"C000537","House","SC6","James","Clyburn","D","clyburn","188019606","",NA,"",NA,"",NA,"jameseclyburn","127744320598870"
2160,"R000597","House","SC7","Tom","Rice","R","reptomrice","1058345042","",NA,"",NA,"",NA,"reptomrice","403403083083104"
1534,"T000250","Senate","SD","John","Thune","R","senjohnthune","296361085","",NA,"",NA,"",NA,"",NA
2060,"N000184","House","SD","Kristi","Noem","R","repkristinoem","235251868","",NA,"",NA,"",NA,"",NA
604,"J000177","Senate","SD","Tim","Johnson","D","senjohnsonsd","244243985","",NA,"",NA,"",NA,"SenatorTimJohnson","181659658522485"
1825,"C001071","Senate","TN","Bob","Corker","R","senbobcorker","73303753","",NA,"",NA,"",NA,"bobcorker","109251415789533"
1695,"A000360","Senate","TN","Lamar","Alexander","R","senalexander","76649729","",NA,"",NA,"",NA,"senatorlamaralexander","89927603836"
1954,"R000582","House","TN1","Phil","Roe","R","drphilroe","52503751","",NA,"",NA,"",NA,"DrPhilRoe","130725126985966"
322,"D000533","House","TN2","John","Duncan Jr.","R","repjohnduncanjr","1883356866","",NA,"",NA,"",NA,"CongressmanDuncan","102385999834718"
2061,"F000459","House","TN3","Chuck","Fleischmann","R","repchuck","235190657","",NA,"",NA,"",NA,"repchuck","189998554345168"
2062,"D000616","House","TN4","Scott","DesJarlais","R","desjarlaistn04","235312723","",NA,"",NA,"",NA,"ScottDesJarlaisTN04","145110472209094"
231,"C000754","House","TN5","Jim","Cooper","D","repjimcooper","22523087","",NA,"",NA,"",NA,"JimCooper","6627436391"
2063,"B001273","House","TN6","Diane","Black","R","repdianeblack","110545675","",NA,"",NA,"",NA,"DianeBlackTN06","186436274719648"
1748,"B001243","House","TN7","Marsha","Blackburn","R","marshablackburn","278145569","",NA,"",NA,"",NA,"marshablackburn","6470828395"
2064,"F000458","House","TN8","Stephen","Fincher","R","repfinchertn08","249219716","",NA,"",NA,"",NA,"RepFincherTN08","128861763849209"
1878,"C001068","House","TN9","Steve","Cohen","D","repcohen","162069635","",NA,"",NA,"",NA,"CongressmanSteveCohen","111456965545421"
1692,"C001056","Senate","TX","John","Cornyn","R","johncornyn","13218102","",NA,"",NA,"",NA,"Sen.JohnCornyn","75755694423"
2175,"C001098","Senate","TX","Ted","Cruz","R","sentedcruz","1074480192","",NA,"",NA,"",NA,"SenatorTedCruz","315496455229328"
1801,"G000552","House","TX1","Louie","Gohmert","R","replouiegohmert","22055226","",NA,"",NA,"",NA,NA,"50375006903"
1804,"M001157","House","TX10","Michael","McCaul","R","mccaulpressshop","26424123","",NA,"",NA,"",NA,"michaeltmccaul","6355254859"
1805,"C001062","House","TX11","K.","Conaway","R","conawaytx11","295685416","",NA,"",NA,"",NA,"mike.conaway","203482063021985"
1487,"G000377","House","TX12","Kay","Granger","R","repkaygranger","161743731","",NA,"",NA,"",NA,"RepKayGranger","49640749719"
1155,"T000238","House","TX13","William","Thornberry","R","mactxpress","377534571","",NA,"",NA,"",NA,"repmacthornberry","7760165627"
2161,"W000814","House","TX14","Randy","Weber","R","txrandy14","1058051748","weberfortexas","373586796","",NA,"",NA,"TXRandy14","128891177274584"
1490,"H000636","House","TX15","Rubén","Hinojosa","D","usreprhinojosa","239905257","",NA,"",NA,"",NA,"CongressmanRubenHinojosa","402891225161"
2162,"O000170","House","TX16","Beto","O'Rourke","D",NA,NA,"",NA,"betoorourke","342863309","",NA,"BetoORourkeTX16","460776160654909"
2065,"F000461","House","TX17","Bill","Flores","R","repbillflores","237312687","",NA,"",NA,"",NA,"RepBillFlores","146176682102245"
588,"J000032","House","TX18","Sheila","Jackson-Lee","D","jacksonleetx18","80612021","",NA,"",NA,"",NA,"CongresswomanSheilaJacksonLee","169479190984"
1758,"N000182","House","TX19","Randy","Neugebauer","R","randyneugebauer","34340464","",NA,"",NA,"",NA,"rep.randy.neugebauer","64137294987"
1802,"P000592","House","TX2","Ted","Poe","R","judgetedpoe","74198348","",NA,"",NA,"",NA,NA,"106631626049851"
2163,"C001091","House","TX20","Joaquin","Castro","D","joaquincastrotx","231510077","castro4congress","323440720","",NA,"",NA,"JoaquinCastroTX","326420614138023"
1075,"S000583","House","TX21","Lamar","Smith","R","lamarsmithtx21","15856366","",NA,"",NA,"",NA,"LamarSmithTX21","107736785195"
1955,"O000168","House","TX22","Pete","Olson","R","peteolson","12726012","",NA,"",NA,"olsonpressshop","20053279",NA,"20718168936"
2164,"G000572","House","TX23","Pete","Gallego","D","reppetegallego","1072453910","",NA,"petegallego","69066533","",NA,"CongressmanPeteGallego","123858487781636"
1806,"M001158","House","TX24","Kenny","Marchant","R","repkenmarchant","23976316","",NA,"",NA,"",NA,"RepKennyMarchant","6349487899"
2165,"W000816","House","TX25","Roger","Williams","R","reprwilliams","1077446982","rogerwilliamstx","18197328","",NA,"",NA,"RepRogerWilliams","322383274535068"
1751,"B001248","House","TX26","Michael","Burgess","R","michaelcburgess","15751083","",NA,"",NA,"",NA,"michaelcburgess","6916472567"
2067,"F000460","House","TX27","Blake","Farenthold","R","farenthold","17896154","",NA,"",NA,"",NA,"BlakeFarenthold","186894244673001"
1807,"C001063","House","TX28","Henry","Cuellar","D","repcuellar","210926192","",NA,"",NA,"",NA,NA,"152569121550"
462,"G000410","House","TX29","Gene","Green","D","repgenegreen","111635527","",NA,"",NA,"",NA,"RepGeneGreen","128735131872"
603,"J000174","House","TX3","Sam","Johnson","R","samspressshop","249288197","",NA,"",NA,"",NA,"RepSamJohnson","52454091867"
599,"J000126","House","TX30","Eddie","Johnson","D","repebj","168502762","",NA,"",NA,"",NA,"CongresswomanEBJtx30","84096022067"
1752,"C001051","House","TX31","John","Carter","R","judgecarter","18030431","",NA,"",NA,"",NA,"judgecarter","407767916003589"
1525,"S000250","House","TX32","Pete","Sessions","R","petesessions","24735461","",NA,"",NA,"",NA,"petesessions","367963843082"
2166,"V000131","House","TX33","Marc","Veasey","D","repveasey","1074129612","",NA,"marcveasey","20688358","",NA,"CongressmanMarcVeasey","394849110600016"
2167,"V000132","House","TX34","Filemon","Vela","D","repfilemonvela","1083448909","",NA,"filemonvela","790194992","",NA,"UsCongressmanFilemonVela","510462622331477"
303,"D000399","House","TX35","Lloyd","Doggett","D","replloyddoggett","153944899","",NA,"",NA,"",NA,"lloyddoggett","154050553704"
1114,"S000937","House","TX36","Steve","Stockman","R","steveworks4you","1059240924","",NA,"",NA,"",NA,"congressmanstockman","316293171806077"
484,"H000067","House","TX4","Ralph","Hall","R","ralphhallpress","1154894353","",NA,"",NA,"",NA,NA,"6311458773"
1749,"H001036","House","TX5","Jeb","Hensarling","R","rephensarling","18566912","",NA,"",NA,"",NA,"RepHensarling","7875604788"
62,"B000213","House","TX6","Joe","Barton","R","repjoebarton","19929362","",NA,"",NA,"",NA,"RepJoeBarton","15617630596"
1670,"C001048","House","TX7","John","Culberson","R","congculberson","24183358","",NA,"",NA,"",NA,"CongressmanCulberson","656042464424077"
1468,"B000755","House","TX8","Kevin","Brady","R","repkevinbrady","19926675","",NA,"",NA,"",NA,"kevinbrady","9307301412"
1803,"G000553","House","TX9","Al","Green","D","repalgreen","156333623","",NA,"",NA,"",NA,"repalgreen","136237609724391"
2080,"L000577","Senate","UT","Mike","Lee","R","senmikelee","88784440","",NA,"",NA,"",NA,"senatormikelee","178081365556898"
1351,"H000338","Senate","UT","Orrin","Hatch","R","senorrinhatch","262756641","",NA,"orrinhatch","18170310","",NA,"",NA
1753,"B001250","House","UT1","Rob","Bishop","R","reprobbishop","148006729","",NA,"",NA,"",NA,"RepRobBishop","130802746950682"
2168,"S001192","House","UT2","Chris","Stewart","R","repchrisstewart","1072008757","chrisstewart4ut","395419988","",NA,"",NA,"RepChrisStewart","242042855928904"
1956,"C001076","House","UT3","Jason","Chaffetz","R","jasoninthehouse","17800215","",NA,"",NA,"",NA,"",NA
1671,"M001142","House","UT4","Jim","Matheson","D","repjimmatheson","46016028","",NA,"",NA,"",NA,"RepJimMatheson","131888123517015"
1897,"W000805","Senate","VA","Mark","Warner","D","markwarner","7429102","",NA,"",NA,"",NA,"MarkRWarner","7935122852"
2176,"K000384","Senate","VA","Tim","Kaine","D","senkaineoffice","1267940407","",NA,"timkaine","172858784","",NA,"SenatorKaine","482778861771212"
1886,"W000804","House","VA1","Robert","Wittman","R","robwittman","15356407","",NA,"",NA,"",NA,"RepRobWittman","38932542633"
1238,"W000672","House","VA10","Frank","Wolf","R","repwolfpress","237418907","",NA,"",NA,"",NA,"RepFrankWolf","335759964938"
1959,"C001078","House","VA11","Gerald","Connolly","D","gerryconnolly","78445977","",NA,"",NA,"",NA,"CongressmanGerryConnolly","177164035838"
2068,"R000589","House","VA2","Scott","Rigell","R","repscottrigell","221793778","",NA,"",NA,"",NA,"RepScottRigell","167851429918010"
1037,"S000185","House","VA3","Robert","Scott","D","repbobbyscott","161791703","",NA,"",NA,"",NA,"CongressmanBobbyScott","123839200978190"
1683,"F000445","House","VA4","J.","Forbes","R","randy_forbes","15160884","",NA,"",NA,"",NA,"randyforbes","356330225020"
2069,"H001060","House","VA5","Robert","Hurt","R","reproberthurt","234837632","",NA,"",NA,"",NA,"RepRobertHurt","120068161395562"
446,"G000289","House","VA6","Robert","Goodlatte","R","repgoodlatte","37920978","",NA,"",NA,"",NA,"BobGoodlatte","6459789414"
1674,"C001046","House","VA7","Eric","Cantor","R","gopleader","18891923","",NA,"ericcantor","5561412","",NA,"",NA
832,"M000933","House","VA8","James","Moran","D","jim_moran","47412499","",NA,"",NA,"",NA,"RepJimMoran","100123453059"
2070,"G000568","House","VA9","Morgan","Griffith","R","repmgriffith","234057152","",NA,"",NA,"",NA,"RepMorganGriffith","141893975868919"
1474,"C000380","House","VI79","Donna","Christensen","D",NA,NA,NA,NA,NA,NA,NA,NA,NA,"138013351189"
1879,"W000800","House","VT","Peter","Welch","D","peterwelch","1410590874","",NA,"",NA,"",NA,"PeterWelch","72680720883"
1383,"L000174","Senate","VT","Patrick","Leahy","D","senatorleahy","242836537","",NA,"",NA,"",NA,"SenatorPatrickLeahy","178569152181267"
1010,"S000033","Senate","VT","Bernard","Sanders","I","sensanders","29442313","",NA,"",NA,"",NA,"senatorsanders","9124187907"
172,"C000127","Senate","WA","Maria","Cantwell","D","cantwellpress","117501995","",NA,"",NA,"",NA,"",NA
1409,"M001111","Senate","WA","Patty","Murray","D","pattymurray","293131808","",NA,"",NA,"",NA,"",NA
2096,"D000617","House","WA1","Suzan","DelBene","D","repdelbene","995193054","",NA,"suzandelbene","41225640","",NA,"RepDelBene","483962224987343"
2170,"H001064","House","WA10","Denny","Heck","D","repdennyheck","1068499286","",NA,"dennyheck","64248024","",NA,"CongressmanDennyHeck","547907568553615"
1675,"L000560","House","WA2","Rick","Larsen","D","repricklarsen","404132211","",NA,"larsenrick","158520264","",NA,"RepRickLarsen","135654683137079"
2071,"H001056","House","WA3","Jaime","Herrera Beutler","R","herrerabeutler","242926427","",NA,"",NA,"",NA,"herrerabeutler","177551525610164"
512,"H000329","House","WA4","Doc","Hastings","R","dochastings","402029058","",NA,"",NA,"",NA,"RepDocHastings","7507129675"
1809,"M001159","House","WA5","Cathy","McMorris Rodgers","R","cathymcmorris","17976923","",NA,"",NA,"",NA,"mcmorrisrodgers","321618789771"
2169,"K000381","House","WA6","Derek","Kilmer","D","repderekkilmer","1058917562","",NA,"",NA,"",NA,"derek.kilmer","450819048314124"
766,"M000404","House","WA7","Jim","McDermott","D","repjimmcdermott","132201224","",NA,"",NA,"",NA,"CongressmanJimMcDermott","246418928093"
1810,"R000578","House","WA8","Dave","Reichert","R","davereichert","16102244","",NA,"",NA,"",NA,"repdavereichert","91504302598"
1528,"S000510","House","WA9","Adam","Smith","D","RepAdamSmith","58928690","",NA,"",NA,"",NA,"",NA
2086,"J000293","Senate","WI","Ron","Johnson","R","senronjohnson","233737858","",NA,"",NA,"",NA,"senronjohnson","186181661410703"
1558,"B001230","Senate","WI","Tammy","Baldwin","D","senatorbaldwin","1074518754","",NA,"tammybaldwin","87510313","",NA,"TammyBaldwin","7357041101"
1560,"R000570","House","WI1","Paul","Ryan","R","reppaulryan","18916432","ryan4congress","240831627","pryan","733751245","paulryanpress","333692333","paulryanwi","155244824599302"
2171,"P000607","House","WI2","Mark","Pocan","D","repmarkpocan","1206227149","",NA,"markpocan","309070309","",NA,"repmarkpocan","436881033058309"
1498,"K000188","House","WI3","Ron","Kind","D","repronkind","112740986","",NA,"",NA,"",NA,"repronkind","89152017954"
1811,"M001160","House","WI4","Gwen","Moore","D","repgwenmoore","22669526","",NA,"",NA,"",NA,"GwenSMoore","58864029545"
1041,"S000244","House","WI5","F.","Sensenbrenner","R","jimpressoffice","851621377","",NA,"",NA,"",NA,"RepSensenbrenner","100997129276"
912,"P000265","House","WI6","Tom","Petri","R","",NA,"",NA,"",NA,"",NA,"thomaspetri","241639248142"
2072,"D000614","House","WI7","Sean","Duffy","R","repseanduffy","234022257","",NA,"",NA,"",NA,"RepSeanDuffy","119657691436457"
2073,"R000587","House","WI8","Reid","Ribble","R","repribble","234053893","",NA,"",NA,"",NA,"CongressmanReidRibble","157169920997203"
1424,"R000361","Senate","WV","John","Rockefeller IV","D","senrockefeller","273559002","",NA,"",NA,"",NA,"SenRockefeller","134189283320639"
1983,"M001183","Senate","WV","Joe","Manchin III","D","sen_joemanchin","234374703","",NA,"",NA,"",NA,"JoeManchinIII","10150135395755161"
2074,"M001180","House","WV1","David","McKinley","R","repmckinley","240427862","",NA,"",NA,"",NA,"RepMcKinley","130377260362609"
1676,"C001047","House","WV2","Shelley","Capito","R","repshelley","193794406","",NA,"",NA,"",NA,NA,"8057864757"
940,"R000011","House","WV3","Nick","Rahall II","D","housetransinf","21684013","",NA,"",NA,"",NA,"NickRahall","357958026910"
1960,"L000571","House","WY","Cynthia","Lummis","R","cynthialummis","22831059","",NA,"",NA,"",NA,NA,"152754318103332"
1542,"E000285","Senate","WY","Michael","Enzi","R","senatorenzi","291756142","",NA,"",NA,"",NA,"mikeenzi","23068049436"
1881,"B001261","Senate","WY","John","Barrasso","R","senjohnbarrasso","202206694","",NA,"",NA,"",NA,"johnbarrasso","21146775942"
